ZIP_CODE,Count_Part_1_Crime,Count_Public_Safety,Count_Fire_Stations,Count_Police_Stations,Count_Corrective_Facility,Count_Education_Facility,Population,Crime_Per_Capita,Education_Per_Capita,Public_Safety_Per_Capita,amenities_index,crime_index,education_index,crime_events,violent_crime_events,property_crime_events,part1_events,crime_events_per_capita,violent_crime_per_capita,property_crime_per_capita,part1_events_per_capita
90001,1061,1,0,0,0,21,56189,0.01888,0.000373739,1.8e-05,-0.31651112064150394,0.000981509841559253,0.15150988852745534,3571.0,1568.0,1828.0,2189.0,0.06355336453754294,0.027905817864706615,0.0325330580718646,0.038957803128726265
90002,196,1,0,0,0,14,52122,0.00376,0.000268601,1.9e-05,-0.5578604349039908,-0.06943777977920364,-0.35308720897699813,10385.0,4358.0,5446.0,5824.0,0.1992440811941215,0.08361152680250182,0.10448562986838571,0.11173784582326081
90003,8,3,1,1,1,24,70065,0.00011,0.000342539,4.3e-05,0.795094888576288,-0.08643714532918939,0.0017692672284107952,26447.0,12230.0,12664.0,15192.0,0.3774637836294869,0.17455220152715337,0.1807464497252551,0.2168272318561336
90004,2,1,0,0,0,22,58484,3e-05,0.000376171,1.7e-05,-0.28203264717543436,-0.08680973416316168,0.16318197798256046,14917.0,4206.0,9985.0,9170.0,0.2550612133233021,0.07191710553313727,0.17073045619314683,0.15679502086040625
90005,2,1,0,0,0,13,39142,5e-05,0.000332124,2.6e-05,-0.5923389083700605,-0.08671658695466859,-0.04821626388792091,10337.0,3233.0,6602.0,6297.0,0.26408972459250935,0.08259669919779265,0.16866792703489858,0.16087578560114454
90006,1,2,1,1,0,13,55527,2e-05,0.00023412,3.6e-05,0.2678314024512454,-0.08685630776740821,-0.5185745924068813,14678.0,5239.0,8599.0,8312.0,0.2643398706935365,0.09435049615502368,0.15486159886181497,0.14969294217227655
90007,5,1,0,0,0,22,38715,0.00013,0.000568255,2.6e-05,-0.28203264717543436,-0.0863439981206963,1.0850658722647937,15807.0,4032.0,10941.0,10180.0,0.4082913599380085,0.10414567996900426,0.2826036419992251,0.2629471780963451
90011,5,3,1,1,0,38,100113,5e-05,0.000379571,3e-05,1.2777935171012618,-0.08671658695466859,0.17949986620104597,21809.0,8384.0,11962.0,12293.0,0.21784383646479477,0.08374536773446006,0.11948498197037348,0.12279124589214188
90012,244,8,1,1,5,8,37336,0.00654,0.00021427,0.000214,0.9834407031105611,-0.05649031779866654,-0.6138422633295105,19499.0,5342.0,13027.0,10712.0,0.522257338761517,0.14307906578101565,0.34891257767302336,0.28690807799442897
90014,0,2,1,1,0,0,10224,0.0,0.0,0.000196,-0.1803887526076589,-0.08694945497590129,-1.6422051776162503,7494.0,2680.0,4519.0,5122.0,0.732981220657277,0.2621283255086072,0.4419992175273865,0.5009780907668232
90015,22,4,3,3,0,15,24704,0.00089,0.000607189,0.000162,2.0571289710259966,-0.08280440419795956,1.2719248898820048,19884.0,5435.0,13642.0,13348.0,0.804889896373057,0.22000485751295337,0.5522182642487047,0.5403173575129534
90016,0,1,0,0,0,11,46457,0.0,0.000236778,2.2e-05,-0.6612958553021996,-0.08694945497590129,-0.5058178433231357,13198.0,4086.0,8355.0,7386.0,0.2840906644854381,0.08795229997632219,0.17984372645672342,0.15898572873840325
90017,1,1,1,1,0,16,30172,3e-05,0.000530293,3.3e-05,0.22326654485117692,-0.08680973416316168,0.902871850926514,17474.0,5177.0,11706.0,11356.0,0.5791462282911308,0.1715829245658226,0.3879756065226037,0.3763754474347077
90018,0,2,0,0,0,16,48745,0.0,0.000328239,4.1e-05,-0.34090320997357454,-0.08694945497590129,-0.06686185086698447,11631.0,3894.0,6963.0,6521.0,0.2386090881116012,0.07988511642219714,0.14284542004308134,0.13377782336649913
90019,1,2,1,1,1,15,59548,2e-05,0.000251898,3.4e-05,0.3367883493833846,-0.08685630776740821,-0.43325123453975245,16951.0,4882.0,10953.0,9994.0,0.2846611137233828,0.08198428158796266,0.1839356485524283,0.16783099348424801
90021,6,1,0,0,0,8,2897,0.00207,0.002761477,0.000345,-0.7647312757004083,-0.07730871889686827,11.611169235301112,8913.0,2598.0,5958.0,6606.0,3.0766309975837074,0.8967897825336555,2.0566102865032794,2.2802899551259923
90022,1388,3,1,1,0,25,60343,0.023,0.000414298,5e-05,0.8295733620423574,0.020169834791132202,0.3461678968373256,,,,,,,,
90023,141,2,0,0,0,19,43857,0.00321,0.000433226,4.6e-05,-0.23746778957536585,-0.07199932801276313,0.4370105404254125,8972.0,2528.0,5907.0,5687.0,0.2045739562669585,0.05764188156964681,0.1346877351392024,0.12967143215450214
90024,1,2,0,0,0,7,51675,2e-05,0.000135462,3.9e-05,-0.6512094711682006,-0.08685630776740821,-0.9920717147184561,6105.0,1146.0,4627.0,3620.0,0.1181422351233672,0.022177068214804065,0.08954039671020803,0.07005321722302854
90025,3,1,1,1,0,11,46508,6e-05,0.000236518,2.2e-05,0.05087417752082907,-0.08667001335042207,-0.5070656818339612,13488.0,1916.0,11025.0,9293.0,0.29001462114044896,0.041197213382643844,0.23705599036724864,0.199815085576675
90026,0,1,0,0,0,22,62692,0.0,0.000350922,1.6e-05,-0.28203264717543436,-0.08694945497590129,0.0420024604447534,17254.0,3759.0,12661.0,11654.0,0.2752185286798954,0.05995980348369808,0.20195559242008548,0.1858929368978498
90027,2,1,0,0,0,9,46558,4e-05,0.000193307,2.1e-05,-0.7302528022343387,-0.08676316055891514,-0.7144516429542499,13055.0,2844.0,9621.0,8368.0,0.28040293827054424,0.061085098157137335,0.20664547446196144,0.17973280639202716
90028,2,4,1,1,1,16,32883,6e-05,0.000486574,0.000122,0.6672673788460086,-0.08667001335042207,0.6930478053312275,24077.0,8035.0,14175.0,14556.0,0.7322020496913298,0.24435118450263055,0.43107380713438553,0.4426603412097436
90029,10,1,0,0,0,7,33303,0.0003,0.000210191,3e-05,-0.7992097491664778,-0.0855522468485052,-0.6334189298128055,8035.0,2627.0,4939.0,4608.0,0.24126955529531874,0.07888178242200403,0.14830495751133532,0.13836591298081255
90031,0,1,0,0,0,18,36127,0.0,0.000498242,2.8e-05,-0.41994654103971263,-0.08694945497590129,0.7490469581939599,7209.0,2189.0,4629.0,4356.0,0.19954604589365293,0.060591801145957316,0.1281313145292994,0.12057463946632713
90032,6,3,1,1,0,15,43117,0.00014,0.000347891,7e-05,0.48478862738166184,-0.08629742451644977,0.02745554303586241,6516.0,2052.0,4019.0,3645.0,0.15112368671289747,0.04759143725212793,0.09321149430619013,0.08453742143470093
90033,48,4,2,2,1,21,45647,0.00105,0.000460052,8.8e-05,1.5518297789993853,-0.08205922653001498,0.5657586784692642,11872.0,4276.0,6905.0,6794.0,0.2600828093850636,0.09367537844765264,0.1512695248318619,0.14883782066729467
90034,2,1,0,0,0,14,57075,4e-05,0.000245291,1.8e-05,-0.5578604349039908,-0.08676316055891514,-0.4649607308513803,12101.0,2341.0,9210.0,8015.0,0.21201927288655278,0.04101620674551029,0.16136662286465178,0.1404292597459483
90035,1,1,0,0,0,16,29000,3e-05,0.000551724,3.4e-05,-0.4889034879718518,-0.08680973416316168,1.0057273398707387,6521.0,1351.0,4760.0,3799.0,0.22486206896551725,0.04658620689655173,0.16413793103448276,0.131
90036,0,1,0,0,0,13,39278,0.0,0.000330974,2.5e-05,-0.5923389083700605,-0.08694945497590129,-0.05373554960887929,12703.0,2146.0,9829.0,8977.0,0.3234125973827588,0.05463618310504608,0.2502418656754417,0.22855033352003667
90037,1,1,0,0,0,15,65482,2e-05,0.000229071,1.5e-05,-0.5233819614379214,-0.08685630776740821,-0.5428066564113324,20180.0,8544.0,10260.0,11764.0,0.30817629272166397,0.13047860480742798,0.1566842796493693,0.1796524235667817
90038,14,1,0,0,0,8,27127,0.00052,0.000294909,3.7e-05,-0.7647312757004083,-0.0845276275550814,-0.22682514919702168,9689.0,3024.0,6067.0,5593.0,0.35717182143252113,0.11147565156486158,0.2236517123161426,0.20617834629704723
90039,0,1,0,0,0,8,28884,0.0,0.00027697,3.5e-05,-0.7647312757004083,-0.08694945497590129,-0.3129212070650843,5569.0,874.0,4385.0,3754.0,0.19280570558094448,0.030258966902091122,0.15181415316438165,0.12996814845589252
90040,887,5,0,0,1,3,11430,0.0776,0.000262467,0.000437,-0.3451225310376471,0.2744617139772204,-0.3825265990747012,,,,,,,,
90041,0,2,0,0,0,9,27920,0.0,0.00032235,7.2e-05,-0.5822525242360616,-0.08694945497590129,-0.09512539313717926,3947.0,815.0,2886.0,2508.0,0.14136819484240687,0.02919054441260745,0.10336676217765042,0.08982808022922636
90042,0,1,0,0,0,16,56835,0.0,0.000281517,1.8e-05,-0.4889034879718518,-0.08694945497590129,-0.2910984312623038,8255.0,2116.0,5498.0,4813.0,0.14524500747778657,0.03723057974839448,0.09673616609483593,0.08468373361485
90043,223,1,0,0,0,23,42377,0.00526,0.000542747,2.4e-05,-0.24755417370936483,-0.06245173914222319,0.962643315595049,10620.0,4021.0,5920.0,5728.0,0.25060764093730087,0.0948863770441513,0.13969842131344834,0.13516766170328245
90044,746,1,0,0,0,26,94830,0.00787,0.000274175,1.1e-05,-0.1441187533111561,-0.05029602843387722,-0.32633547105645727,24697.0,11059.0,12190.0,14362.0,0.26043446166824846,0.11661921332911526,0.12854581883370242,0.15144996309184858
90045,41,5,1,1,0,19,41786,0.00098,0.000454698,0.00012,0.9187030772424946,-0.08238524175974073,0.5400628039040372,19339.0,2945.0,15594.0,12904.0,0.46281051069736273,0.0704781505767482,0.37318719188244864,0.30881156368161583
90046,361,3,0,0,0,10,48296,0.00747,0.000207056,6.2e-05,-0.39977377277171466,-0.05215897260373867,-0.6484649826260268,9923.0,2403.0,6928.0,6052.0,0.20546215007454033,0.04975567334768925,0.14344873281431175,0.12531058472751366
90047,278,2,0,0,0,25,50974,0.00545,0.000490446,3.9e-05,-0.030596948778948432,-0.061566840661539,0.7116310003847498,11180.0,4300.0,6234.0,6713.0,0.21932750029426767,0.08435673088241064,0.12229764193510417,0.1316945893985169
90049,0,2,0,0,0,13,37122,0.0,0.000350197,5.4e-05,-0.4443386303717832,-0.08694945497590129,0.03852291075110584,5471.0,716.0,4461.0,3364.0,0.14737891277409623,0.019287753892570442,0.12017132697591724,0.0906201174505684
90056,181,1,0,0,0,1,8543,0.02119,0.000117055,0.000117,-1.0060805899628953,0.011740012422509136,-1.0804138819060047,101.0,25.0,68.0,54.0,0.011822544773498771,0.0029263724686878147,0.007959733114830855,0.006320964532365679
90057,1,2,1,1,0,9,46629,2e-05,0.000193013,4.3e-05,0.12991750858696716,-0.08685630776740821,-0.7158626603472603,13166.0,5597.0,6937.0,7002.0,0.282356473439276,0.1200325977396041,0.14877007870638445,0.15016406099208646
90058,10,4,1,1,1,2,3585,0.00279,0.00055788,0.001116,0.18456875032103467,-0.07395541939111766,1.0352723163039732,2128.0,708.0,1336.0,1340.0,0.5935843793584379,0.19748953974895397,0.3726638772663877,0.3737796373779637
90059,367,1,0,0,0,17,37511,0.00978,0.0004532,2.7e-05,-0.4544250145057822,-0.04140047002278878,0.5328733343301278,7982.0,3505.0,4048.0,3927.0,0.21279091466503158,0.0934392578177068,0.10791501159659833,0.10468929114126523
90061,180,2,1,1,0,12,30051,0.00599,0.000399321,6.7e-05,0.23335292898517584,-0.05905186603222605,0.2742875992348964,8062.0,3402.0,4281.0,4530.0,0.2682772619879538,0.11320754716981132,0.14245782170310473,0.15074373564939603
90062,0,2,1,1,1,7,32715,0.0,0.000213969,6.1e-05,0.060960561654828035,-0.08694945497590129,-0.6152868763747353,9405.0,3901.0,4885.0,5185.0,0.2874828060522696,0.11924193794895308,0.14931988384533088,0.15848998930154362
90063,303,3,0,0,1,21,48397,0.00626,0.000433911,6.2e-05,-0.02051056464494945,-0.05779437871756956,0.44029811496354854,2244.0,599.0,1507.0,1316.0,0.046366510320887656,0.012376800214889353,0.031138293695890242,0.027191768084798645
90064,0,3,0,0,0,14,26642,0.0,0.000525486,0.000113,-0.2618598789074364,-0.08694945497590129,0.8798012366129079,7394.0,1325.0,5760.0,4726.0,0.2775317168380752,0.04973350349072892,0.21619998498611215,0.17738908490353578
90065,0,3,1,1,0,18,44658,0.0,0.000403063,6.7e-05,0.5882240477798705,-0.08694945497590129,0.2922468750330061,8003.0,2157.0,5297.0,4708.0,0.17920641318464778,0.04830041649872363,0.11861256661740338,0.10542344036902683
90066,8,4,2,2,1,21,56740,0.00014,0.000370109,7e-05,1.5518297789993853,-0.08629742451644977,0.13408814316477796,8172.0,1366.0,6389.0,5459.0,0.14402537892139583,0.024074726824109976,0.11260133944307367,0.09621078604159324
90068,1,1,0,0,0,2,21572,5e-05,9.27128e-05,4.6e-05,-0.9716021164968257,-0.08671658695466859,-1.1972413226683638,6388.0,1174.0,4843.0,4104.0,0.2961246059707028,0.05442239940663823,0.22450398664936028,0.19024661598368256
90069,936,2,1,1,0,2,20961,0.04465,9.54153e-05,9.5e-05,-0.11143180567551982,0.12100168798488331,-1.1842710012241116,1590.0,324.0,1175.0,1021.0,0.07585515958208101,0.015457277801631602,0.05605648585468251,0.0487095081341539
90094,0,1,0,0,0,1,11764,0.0,8.50051e-05,8.5e-05,-1.0060805899628953,-0.08694945497590129,-1.2342334953217817,1798.0,202.0,1520.0,1314.0,0.15283917035022102,0.01717103026181571,0.1292077524651479,0.11169670180210813
90095,0,1,1,1,0,2,0,,,,-0.25943208367379705,,,177.0,73.0,98.0,100.0,,,,
90201,240,5,2,2,1,25,92763,0.00259,0.000269504,5.4e-05,1.8377439508619406,-0.07488689147604839,-0.34875336984132377,,,,,,,,
90210,1,6,1,1,1,4,19004,5e-05,0.000210482,0.000316,0.5495262532497283,-0.08671658695466859,-0.6320223105564586,904.0,174.0,648.0,458.0,0.047568932856240795,0.009155967164807408,0.034098084613765525,0.02410018943380341
90211,0,1,0,0,0,3,9120,0.0,0.000328947,0.00011,-0.9371236430307561,-0.08694945497590129,-0.06346389061442932,150.0,26.0,111.0,74.0,0.01644736842105263,0.0028508771929824563,0.012171052631578947,0.008114035087719297
90220,1382,3,1,1,0,18,48354,0.02858,0.000372255,6.2e-05,0.5882240477798705,0.046157905960699463,0.14438761025797514,,,,,,,,
90221,456,4,2,2,0,18,50659,0.009,0.000355317,7.9e-05,1.4483943586011765,-0.04503321115401862,0.06309573065659009,,,,,,,,
90222,170,1,0,0,0,11,32340,0.00526,0.000340136,3.1e-05,-0.6612958553021996,-0.06245173914222319,-0.009763640238948296,,,,,,,,
90230,6,4,1,1,1,15,31009,0.00019,0.000483731,0.000129,0.632788905379939,-0.0860645564952171,0.6794031711532409,1919.0,495.0,1275.0,1102.0,0.06188525911832049,0.01596310748492373,0.04111709503692476,0.035538069592698895
90232,2,2,1,1,0,7,16554,0.00012,0.000422859,0.000121,0.060960561654828035,-0.08639057172494286,0.38725537949569466,109.0,28.0,74.0,68.0,0.006584511296363417,0.0016914340944786759,0.0044702186782650715,0.004107768515162498
90240,0,2,0,0,0,4,24853,0.0,0.000160946,8e-05,-0.7546448915664093,-0.08694945497590129,-0.8697643431420187,,,,,,,,
90241,2,2,1,1,1,16,45319,4e-05,0.000353053,4.4e-05,0.37126682284945417,-0.08676316055891514,0.05222993685463364,,,,,,,,
90242,11,3,0,0,1,15,40767,0.00027,0.000367945,7.4e-05,-0.22738140544136687,-0.0856919676612448,0.12370228725160076,,,,,,,,
90245,1,5,1,1,0,12,16769,6e-05,0.000715606,0.000298,0.6773537629800076,-0.08667001335042207,1.7922591507595218,7.0,2.0,4.0,3.0,0.0004174369372055579,0.00011926769634444511,0.00023853539268889023,0.00017890154451666765
90247,33,2,1,1,0,10,47053,0.0007,0.000212526,4.3e-05,0.16439598205303674,-0.08368930267864375,-0.6222123801098162,2406.0,765.0,1540.0,1530.0,0.051133827811191634,0.01625826195991754,0.03272905021996472,0.03251652391983508
90248,68,2,0,0,0,6,11235,0.00605,0.000534045,0.000178,-0.6856879446342703,-0.05877242440674683,0.9208791205135016,1912.0,445.0,1416.0,1355.0,0.1701824655095683,0.03960836671117045,0.1260347129506008,0.12060525144637294
90249,83,1,0,0,0,6,26290,0.00316,0.000228224,3.8e-05,-0.8336882226325475,-0.07223219603399582,-0.5468717303292905,,,,,,,,
90250,149,5,1,1,1,26,93826,0.00159,0.000277109,5.3e-05,1.1600523915049816,-0.07954425190070201,-0.3122540933996817,,,,,,,,
90254,0,2,1,1,0,5,19063,0.0,0.000262288,0.000105,-0.0079963852773111,-0.08694945497590129,-0.3833856878956156,,,,,,,,
90255,400,4,1,1,1,34,69349,0.00577,0.000490274,5.8e-05,1.287879901235261,-0.06007648532564984,0.71080550721605,,,,,,,,
90260,589,2,1,1,0,14,32075,0.01836,0.000436477,6.2e-05,0.302309875917315,-0.001440317579260633,0.4526133211896175,,,,,,,,
90262,1453,4,1,1,1,22,64235,0.02262,0.000342492,6.2e-05,0.874138219642426,0.01840003782976383,0.0015436964206847611,,,,,,,,
90263,0,1,1,1,0,1,1856,0.0,0.000538793,0.000539,-0.29391055713986664,-0.08694945497590129,0.9436665714727277,,,,,,,,
90265,224,9,1,1,3,9,15918,0.01407,0.000565398,0.000565,1.1659194545749079,-0.021420393801024715,1.0713540467823781,1.0,0.0,1.0,1.0,6.282196255811031e-05,0.0,6.282196255811031e-05,6.282196255811031e-05
90266,0,3,1,1,0,13,34210,0.0,0.000380006,8.8e-05,0.4158316804495227,-0.08694945497590129,0.18158759601723465,,,,,,,,
90270,312,1,1,1,0,7,24218,0.01288,0.000289041,4.1e-05,-0.0870397163434492,-0.026962652706362528,-0.25498790451057257,,,,,,,,
90272,0,2,0,0,0,10,21390,0.0,0.000467508,9.4e-05,-0.547774050769992,-0.08694945497590129,0.6015428474566256,2925.0,382.0,2350.0,1851.0,0.13674614305750352,0.01785881252921926,0.10986442262739599,0.08653576437587658
90274,92,4,1,1,0,16,25059,0.00367,0.000638493,0.00016,0.6672673788460086,-0.06985694221742246,1.4221646465853797,,,,,,,,
90275,235,2,0,0,0,15,40945,0.00574,0.000366345,4.9e-05,-0.3753816834396441,-0.06021620613838945,0.11602328103113702,332.0,110.0,208.0,212.0,0.00810843814873611,0.0026865307119306385,0.0050799853461961164,0.005177677372084503
90277,0,3,1,1,1,10,34844,0.0,0.000286993,8.6e-05,0.312396260051314,-0.08694945497590129,-0.2648170324727665,,,,,,,,
90278,1,1,0,0,0,10,42423,2e-05,0.000235721,2.4e-05,-0.6957743287682692,-0.08685630776740821,-0.5108907868075296,,,,,,,,
90280,4,4,1,1,1,31,91365,4e-05,0.000339298,4.4e-05,1.1844444808370522,-0.08676316055891514,-0.013785519746916327,7.0,5.0,1.0,6.0,7.661577190390193e-05,5.472555135992995e-05,1.094511027198599e-05,6.567066163191595e-05
90290,37,1,0,0,0,2,6315,0.00586,0.000316706,0.000158,-0.9716021164968257,-0.05965732288743101,-0.12221308757986546,1.0,0.0,1.0,1.0,0.00015835312747426763,0.0,0.00015835312747426763,0.00015835312747426763
90291,5,1,0,0,0,7,26324,0.00019,0.000265917,3.8e-05,-0.7992097491664778,-0.0860645564952171,-0.36596874191182605,12204.0,3385.0,8201.0,7919.0,0.4636073545053943,0.12858987995745327,0.31154079927062756,0.30082814161981464
90292,455,2,1,1,0,1,23982,0.01897,4.16979e-05,8.3e-05,-0.14591027914158938,0.0014006722797780787,-1.4420811566910763,4052.0,745.0,3154.0,2729.0,0.16896005337336337,0.0310649653907097,0.13151530314402468,0.11379367859227754
90301,3,3,2,2,0,20,36060,8e-05,0.000554631,8.3e-05,1.3693510275350382,-0.086576866141929,1.019679134297544,33.0,3.0,28.0,17.0,0.0009151414309484193,8.319467554076539e-05,0.000776483638380477,0.0004714364947310039
90303,1,2,1,1,0,5,22727,4e-05,0.000220003,8.8e-05,-0.0079963852773111,-0.08676316055891514,-0.5863274241658111,,,,,,,,
90304,286,1,0,0,0,8,25430,0.01125,0.000314589,3.9e-05,-0.7647312757004083,-0.03455415019854795,-0.13237337268531663,47.0,2.0,43.0,27.0,0.00184821077467558,7.864726700747149e-05,0.001690916240660637,0.001061738104600865
90305,0,1,0,0,0,3,14708,0.0,0.000203971,6.8e-05,-0.9371236430307561,-0.08694945497590129,-0.6632710664948586,41.0,24.0,16.0,24.0,0.0027875985858036444,0.0016317650258362796,0.0010878433505575197,0.0016317650258362796
90401,1,5,3,3,1,3,8101,0.00012,0.000370325,0.000617,1.791387567431439,-0.08639057172494286,0.13512480900454077,,,,,,,,
90404,7,2,1,1,0,7,22978,0.0003,0.000304639,8.7e-05,0.060960561654828035,-0.0855522468485052,-0.180127192618826,71.0,18.0,50.0,41.0,0.00308991208982505,0.0007833579946035338,0.0021759944294542605,0.0017843154321524938
90405,0,3,1,1,0,11,27298,0.0,0.00040296,0.00011,0.34687473351738357,-0.08694945497590129,0.29175253900756376,103.0,8.0,86.0,52.0,0.0037731701956187267,0.000293061762766503,0.0031504139497399077,0.0019049014579822698
90501,7,1,0,0,0,14,41787,0.00017,0.000335032,2.4e-05,-0.5578604349039908,-0.08615770370371018,-0.03425967008222801,3160.0,989.0,1986.0,1792.0,0.07562160480532223,0.02366764783305813,0.04752674276688922,0.04288415057314476
90502,216,1,1,1,0,3,18467,0.0117,0.000162452,5.4e-05,-0.22495361020772747,-0.03245833800745381,-0.8625364785370071,802.0,177.0,605.0,597.0,0.043428818974386746,0.009584664536741214,0.032761141495640876,0.03232793631883901
90503,3,4,1,1,1,15,43454,7e-05,0.000345193,9.2e-05,0.632788905379939,-0.08662343974617553,0.014506818796605123,,,,,,,,
90504,0,2,0,0,0,11,33084,0.0,0.000332487,6e-05,-0.5132955773039224,-0.08694945497590129,-0.04647408935165307,5.0,3.0,2.0,3.0,0.0001511304558094547,9.067827348567283e-05,6.045218232378189e-05,9.067827348567283e-05
90505,1,2,0,0,0,12,35148,3e-05,0.000341413,5.7e-05,-0.4788171038378528,-0.08680973416316168,-0.0036348333992406324,,,,,,,,
90506,0,1,1,1,0,1,0,,,,-0.29391055713986664,,,,,,,,,,
90601,69,2,0,0,1,14,30078,0.00229,0.000465456,6.6e-05,-0.40986015690571365,-0.07628409960344447,0.5916945219788807,,,,,,,,
90602,8,3,1,1,1,3,25905,0.00031,0.000115808,0.000116,0.07104694578882702,-0.08550567324425866,-1.0863987073790786,,,,,,,,
90603,1,1,0,0,0,4,21118,5e-05,0.000189412,4.7e-05,-0.9026451695646865,-0.08671658695466859,-0.7331452237221916,,,,,,,,
90604,271,2,0,0,0,13,39276,0.0069,0.000330991,5.1e-05,-0.4443386303717832,-0.05481366804579124,-0.053653960167786875,,,,,,,,
90631,38,2,0,0,0,0,0,,,,-0.8925587854306876,,,,,,,,,,
90638,605,3,1,1,0,14,45933,0.01317,0.000304792,6.5e-05,0.45031015391559226,-0.025612018183212983,-0.17939288764899405,,,,,,,,
90640,18,6,2,2,1,20,61382,0.00029,0.000325828,9.8e-05,1.81335186152987,-0.08559882045275174,-0.07843315336544597,,,,,,,,
90650,1551,5,2,2,1,29,99900,0.01553,0.00029029,5e-05,1.975657844726219,-0.01462064758103041,-0.24899348027972307,,,,,,,,
90660,1306,4,1,1,0,19,60272,0.02167,0.000315238,6.6e-05,0.7707027992442173,0.013975545426342868,-0.12925857578714087,,,,,,,,
90670,2,5,1,1,0,12,17851,0.00011,0.000672231,0.00028,0.6773537629800076,-0.08643714532918939,1.5840860915016353,,,,,,,,
90703,1510,3,1,1,0,25,48108,0.03139,0.000519664,6.2e-05,0.8295733620423574,0.05924508875397617,0.851859252728195,,,,,,,,
90704,48,4,1,1,0,1,3421,0.01403,0.000292312,0.001169,0.1500902768549651,-0.021606688218010855,-0.23928913616861208,,,,,,,,
90706,1516,3,1,1,0,17,76819,0.01973,0.000221299,3.9e-05,0.5537455743138009,0.004940266202514839,-0.5801074291272355,,,,,,,,
90710,75,1,0,0,0,8,26761,0.0028,0.000298942,3.7e-05,-0.7647312757004083,-0.07390884578687112,-0.20746925414256495,4052.0,1246.0,2526.0,2338.0,0.15141437166025185,0.04656029296364112,0.09439109151377004,0.08736594297671986
90712,981,3,1,1,0,12,30800,0.03185,0.00038961,9.7e-05,0.3813532069834531,0.061387474549316846,0.22768083085556862,,,,,,,,
90713,291,1,0,0,0,8,28221,0.01031,0.000283477,3.5e-05,-0.7647312757004083,-0.03893206899772236,-0.2816916486422355,,,,,,,,
90716,243,1,0,0,0,3,13599,0.01787,0.000220604,7.4e-05,-0.9371236430307561,-0.0037224241873409156,-0.5834429974542493,,,,,,,,
90717,366,2,1,1,0,6,21482,0.01704,0.000279304,9.3e-05,0.026482088188758454,-0.007588033339803433,-0.30171945674098277,264.0,98.0,149.0,164.0,0.012289358532725073,0.0045619588492691555,0.006936039474909226,0.007634298482450424
90723,1280,2,1,1,0,21,52050,0.02459,0.000403458,3.8e-05,0.5436591901798019,0.02757503786633148,0.29414262969368304,,,,,,,,
90731,21,10,2,2,2,16,61944,0.00034,0.000258298,0.000161,2.2674390796587005,-0.08536595243151905,-0.40253520965789724,15715.0,5012.0,9514.0,8659.0,0.25369688751130054,0.08091179129536355,0.15359033966162985,0.13978755004520213
90732,11,1,0,0,0,6,23067,0.00048,0.000260112,4.3e-05,-0.8336882226325475,-0.08471392197206754,-0.39382913635544636,2455.0,562.0,1739.0,1495.0,0.10642909784540686,0.024363809771535093,0.07538908397277495,0.06481120215025794
90744,10,2,0,0,0,14,52800,0.00019,0.000265152,3.8e-05,-0.40986015690571365,-0.0860645564952171,-0.3696402667609854,13174.0,4522.0,7592.0,7476.0,0.24950757575757576,0.0856439393939394,0.1437878787878788,0.1415909090909091
90745,998,2,1,1,0,17,57397,0.01739,0.000296183,3.5e-05,0.4057452963155237,-0.005957957191174664,-0.22071074049397735,46.0,10.0,32.0,30.0,0.0008014356151018346,0.00017422513371779012,0.0005575204278969284,0.0005226754011533704
90746,459,3,1,1,0,10,27091,0.01694,0.000369126,0.000111,0.312396260051314,-0.008053769382268794,0.12937035371808064,,,,,,,,
90755,1,3,1,1,1,4,11521,9e-05,0.000347192,0.00026,0.1055254192548966,-0.08653029253768246,0.02410077719329727,,,,,,,,
90802,3,9,2,2,1,7,40434,7e-05,0.000173122,0.000223,1.8091325404657974,-0.08662343974617553,-0.8113271058042889,,,,,,,,
90803,0,4,0,0,0,6,31526,0.0,0.000190319,0.000127,-0.3896873886377158,-0.08694945497590129,-0.7287921870709663,,,,,,,,
90805,24,2,0,0,0,16,92402,0.00026,0.000173156,2.2e-05,-0.34090320997357454,-0.08573854126549134,-0.8111639269221042,,,,,,,,
90806,3,1,0,0,0,9,41664,7e-05,0.000216014,2.4e-05,-0.7302528022343387,-0.08662343974617553,-0.605472146549205,,,,,,,,
90807,2,3,0,0,0,8,33101,6e-05,0.000241685,9.1e-05,-0.4687307197038538,-0.08667001335042207,-0.48226729112075073,,,,,,,,
90808,5,4,1,1,0,19,39317,0.00013,0.000483252,0.000102,0.7707027992442173,-0.0863439981206963,0.6771042686659895,,,,,,,,
90810,93,2,0,0,0,9,35833,0.0026,0.000251165,5.6e-05,-0.5822525242360616,-0.07484031787180186,-0.4367691792645024,17.0,5.0,11.0,11.0,0.0004744230178885385,0.00013953618173192308,0.0003069795998102308,0.0003069795998102308
90813,0,2,0,0,0,13,51241,0.0,0.000253703,3.9e-05,-0.4443386303717832,-0.08694945497590129,-0.4245883556472919,3.0,1.0,2.0,3.0,5.854686676684686e-05,1.951562225561562e-05,3.903124451123124e-05,5.854686676684686e-05
90814,0,1,0,0,0,3,19471,0.0,0.000154075,5.1e-05,-0.9371236430307561,-0.08694945497590129,-0.902740875480023,,,,,,,,
90815,0,2,0,0,0,18,43023,0.0,0.000418381,4.6e-05,-0.27194626304143543,-0.08694945497590129,0.3657637608361717,,,,,,,,
90840,0,1,1,1,0,1,0,,,,-0.29391055713986664,,,,,,,,,,
91001,492,4,2,2,0,15,35475,0.01387,0.000422833,0.000113,1.3449589382029679,-0.022351865885955436,0.3871305956446123,,,,,,,,
91006,71,2,0,0,0,13,31582,0.00225,0.000411627,6.3e-05,-0.4443386303717832,-0.07647039402043063,0.3333487558280388,,,,,,,,
91007,19,3,1,1,1,10,33029,0.00058,0.000302764,9.1e-05,0.312396260051314,-0.08424818592960218,-0.18912602803343195,,,,,,,,
91010,305,1,0,0,0,10,27589,0.01106,0.000362463,3.6e-05,-0.6957743287682692,-0.03543904867923214,0.09739209218873653,,,,,,,,
91011,268,3,0,0,0,12,19935,0.01344,0.000601956,0.00015,-0.33081682583957556,-0.024354530868556497,1.2468097401622005,,,,,,,,
91016,48,4,1,1,1,16,41140,0.00117,0.000388916,9.7e-05,0.6672673788460086,-0.08150034327905653,0.22435006190744256,,,,,,,,
91020,45,1,0,0,0,3,7532,0.00597,0.000398301,0.000133,-0.9371236430307561,-0.059145013240719115,0.26939223276935065,,,,,,,,
91024,0,2,1,1,0,6,10940,0.0,0.000548446,0.000183,0.026482088188758454,-0.08694945497590129,0.9899949758765635,,,,,,,,
91030,0,2,1,1,0,6,26068,0.0,0.000230167,7.7e-05,0.026482088188758454,-0.08694945497590129,-0.5375465371503146,1.0,1.0,0.0,1.0,3.836120914531226e-05,3.836120914531226e-05,0.0,3.836120914531226e-05
91040,0,1,0,0,0,3,20821,0.0,0.000144085,4.8e-05,-0.9371236430307561,-0.08694945497590129,-0.950686670569044,2902.0,591.0,2100.0,1711.0,0.13937851207915086,0.02838480380385188,0.10085970894769704,0.08217664857595697
91042,6,2,0,0,1,7,26928,0.00022,0.000259952,7.4e-05,-0.6512094711682006,-0.08592483568247748,-0.3945970369774929,3503.0,769.0,2448.0,1926.0,0.13008764111705287,0.028557635175282235,0.09090909090909091,0.07152406417112299
91101,3,3,1,1,1,9,21165,0.00014,0.00042523,0.000142,0.2779177865852444,-0.08629742451644977,0.3986347068386447,,,,,,,,
91103,4,2,0,0,0,13,25142,0.00016,0.000517063,8e-05,-0.4443386303717832,-0.0862042773079567,0.8393760682410536,,,,,,,,
91105,7,2,0,0,0,8,12531,0.00056,0.000638417,0.00016,-0.6167309977021311,-0.08434133313809525,1.4217998937899077,18.0,1.0,14.0,10.0,0.0014364376346660283,7.980209081477934e-05,0.0011172292714069108,0.0007980209081477935
91106,1,2,1,1,0,5,23910,4e-05,0.000209118,8.4e-05,-0.0079963852773111,-0.08676316055891514,-0.6385686633594041,,,,,,,,
91107,211,3,0,0,0,21,32316,0.00653,0.000649833,9.3e-05,-0.02051056464494945,-0.05653689140291308,1.4765896031729175,,,,,,,,
91108,0,2,1,1,0,6,12401,0.0,0.000483832,0.000161,0.026482088188758454,-0.08694945497590129,0.6798879084209077,,,,,,,,
91201,0,1,0,0,0,3,22394,0.0,0.000133964,4.5e-05,-0.9371236430307561,-0.08694945497590129,-0.9992611842923654,14.0,3.0,11.0,8.0,0.0006251674555684558,0.0001339644547646691,0.0004912030008037867,0.00035723854603911763
91202,0,1,0,0,0,5,22504,0.0,0.000222183,4.4e-05,-0.868166696098617,-0.08694945497590129,-0.5758647781904291,,,,,,,,
91204,0,1,0,0,0,4,17857,0.0,0.000224002,5.6e-05,-0.9026451695646865,-0.08694945497590129,-0.5671347079935394,11.0,2.0,9.0,7.0,0.0006160049280394244,0.00011200089600716806,0.0005040040320322563,0.0003920031360250882
91205,0,1,0,0,0,7,34254,0.0,0.000204356,2.9e-05,-0.7992097491664778,-0.08694945497590129,-0.6614233056230595,,,,,,,,
91206,0,4,1,1,1,6,31961,0.0,0.000187729,0.000125,0.3224826441853129,-0.08694945497590129,-0.741222578390342,,,,,,,,
91208,0,2,1,1,0,3,15969,0.0,0.000187864,0.000125,-0.07695333220945023,-0.08694945497590129,-0.7405746622404904,,,,,,,,
91214,106,3,1,1,0,14,30817,0.00344,0.000454295,9.7e-05,0.45031015391559226,-0.0709281351150928,0.5381286542122578,66.0,31.0,34.0,48.0,0.0021416750494856734,0.0010059382808190285,0.001103287146704741,0.001557581854171399
91301,168,3,1,1,0,11,23879,0.00704,0.000460656,0.000126,0.34687473351738357,-0.054161637586339725,0.5686575033174892,,,,,,,,
91302,181,5,1,1,1,13,25569,0.00708,0.000508428,0.000196,0.7118322364460772,-0.05397534316935359,0.7979334315449879,2.0,0.0,2.0,0.0,7.82197191912081e-05,0.0,7.82197191912081e-05,0.0
91303,0,1,0,0,0,10,29805,0.0,0.000335514,3.4e-05,-0.6957743287682692,-0.08694945497590129,-0.03194636945831302,9818.0,2418.0,6894.0,6371.0,0.3294078174802885,0.08112732762959235,0.23130347257171616,0.21375608119443046
91304,1,2,1,1,0,10,52474,2e-05,0.000190571,3.8e-05,0.16439598205303674,-0.08685630776740821,-0.7275827435912431,7171.0,2129.0,4467.0,3745.0,0.13665815451461677,0.04057247398711743,0.08512787285131684,0.07136867782139726
91306,0,1,0,0,0,11,47176,0.0,0.000233169,2.1e-05,-0.6612958553021996,-0.08694945497590129,-0.5231388017291694,7778.0,2269.0,4916.0,4238.0,0.16487196879769375,0.04809648974054604,0.1042055282346956,0.08983381380362897
91311,25,3,0,0,0,19,40898,0.00061,0.00046457,7.3e-05,-0.08946751157708861,-0.08410846511686257,0.5874422722842988,7723.0,1892.0,5267.0,4215.0,0.18883563988459093,0.046261430876815494,0.12878380360897843,0.10306127438994572
91316,0,1,0,0,0,15,29491,0.0,0.00050863,3.4e-05,-0.5233819614379214,-0.08694945497590129,0.7989029060803216,6147.0,1297.0,4459.0,3748.0,0.20843647214404395,0.04397951917534163,0.1511986707809162,0.1270896205622054
91321,193,1,0,0,0,13,31989,0.00603,0.00040639,3.1e-05,-0.5923389083700605,-0.05886557161523989,0.3082144085926832,1.0,1.0,0.0,0.0,3.126074588139673e-05,3.126074588139673e-05,0.0,0.0
91324,0,1,0,0,0,6,30699,0.0,0.000195446,3.3e-05,-0.8336882226325475,-0.08694945497590129,-0.7041857715132674,9683.0,2285.0,6935.0,6200.0,0.31541744030750185,0.0744323919345907,0.22590312388025668,0.20196097592755463
91325,0,4,1,1,1,16,35062,0.0,0.000456334,0.000114,0.6672673788460086,-0.08694945497590129,0.5479145877644614,5748.0,1365.0,3987.0,3356.0,0.16393816667617364,0.03893103644971764,0.11371285152016428,0.09571615994523987
91326,1,2,0,0,0,7,38428,3e-05,0.000182159,5.2e-05,-0.6512094711682006,-0.08680973416316168,-0.7679551187953317,3950.0,732.0,2949.0,2338.0,0.10278963255959196,0.01904861038825856,0.07674091808056625,0.06084105339856355
91330,0,2,2,2,0,1,2512,0.0,0.000398089,0.000796,0.5662597536814393,-0.08694945497590129,0.2683747644451393,260.0,53.0,180.0,152.0,0.1035031847133758,0.02109872611464968,0.07165605095541401,0.06050955414012739
91331,1,4,1,1,1,21,97608,1e-05,0.000215146,4.1e-05,0.8396597461763564,-0.08690288137165475,-0.6096380074238067,15543.0,4818.0,9203.0,8359.0,0.1592389968035407,0.049360708138677156,0.09428530448323907,0.08563847225637243
91335,0,2,1,1,0,27,74526,0.0,0.00036229,2.7e-05,0.7505300309762193,-0.08694945497590129,0.09656179964114882,15121.0,4664.0,9329.0,8119.0,0.20289563373856104,0.06258218608270939,0.12517779030137133,0.10894184579878163
91340,2,1,1,1,0,17,33424,6e-05,0.000508617,3e-05,0.25774501831724644,-0.08667001335042207,0.7988405141547804,1670.0,505.0,1000.0,889.0,0.049964097654380084,0.015108903781713739,0.029918621349928197,0.026597654380086166
91342,67,6,1,1,2,25,93301,0.00072,0.00026795,6.4e-05,1.2735741960371891,-0.08359615547015067,-0.3562116046329494,13055.0,3785.0,8153.0,7109.0,0.13992347348903011,0.04056762521302022,0.08738384368870644,0.07619425300907814
91344,0,1,0,0,0,20,52890,0.0,0.000378143,1.9e-05,-0.3509895941075735,-0.08694945497590129,0.17264635314928206,8527.0,1699.0,6307.0,5302.0,0.16122140291170353,0.0321232747211193,0.1192474948005294,0.10024579315560597
91345,0,2,1,1,0,4,18714,0.0,0.000213744,0.000107,-0.04247485874338065,-0.08694945497590129,-0.616366736624488,3573.0,843.0,2457.0,2151.0,0.19092657903174096,0.04504648925937801,0.13129208079512664,0.1149406861173453
91350,181,2,0,0,0,11,43973,0.00412,0.000250154,4.5e-05,-0.5132955773039224,-0.06776113002632833,-0.4416213513200582,,,,,,,,
91352,0,1,0,0,0,17,46899,0.0,0.000362481,2.1e-05,-0.4544250145057822,-0.08694945497590129,0.09747848100871681,10442.0,2669.0,7036.0,6242.0,0.22264867054734644,0.0569095289878249,0.15002452077869463,0.13309452227126378
91354,47,1,0,0,0,6,33957,0.00138,0.000176694,2.9e-05,-0.8336882226325475,-0.08052229758987928,-0.7941837244171034,,,,,,,,
91355,356,4,2,2,0,14,29123,0.01222,0.00048072,0.000137,1.3104804647368982,-0.030036510586633928,0.6649522413221056,,,,,,,,
91356,0,1,0,0,0,10,30942,0.0,0.000323185,3.2e-05,-0.6957743287682692,-0.08694945497590129,-0.09111791176587482,6627.0,1562.0,4683.0,3841.0,0.21417490789218538,0.05048154611854437,0.15134768276129532,0.12413547928382135
91360,0,1,0,0,0,0,0,,,,-1.0405590634289648,,,,,,,,,,
91361,32,1,0,0,0,2,0,,,,-0.9716021164968257,,,,,,,,,,
91367,3,3,1,1,0,15,45889,7e-05,0.000326876,6.5e-05,0.48478862738166184,-0.08662343974617553,-0.07340340429104232,8678.0,1653.0,6431.0,5240.0,0.1891085009479396,0.036021704547930876,0.14014251781472684,0.11418858549979298
91371,7,1,1,1,0,1,0,,,,-0.29391055713986664,,,32.0,14.0,17.0,16.0,,,,
91381,105,1,0,0,0,5,22582,0.00465,0.000221415,4.4e-05,-0.868166696098617,-0.06529272900126191,-0.5795507011762517,,,,,,,,
91384,205,7,2,2,4,7,26478,0.00774,0.00026437,0.000264,1.513131984469243,-0.050901485289082185,-0.3733933810512371,,,,,,,,
91387,239,3,0,0,0,5,46869,0.0051,0.00010668,6.4e-05,-0.5721661401020625,-0.06319691681016777,-1.1302074378668248,,,,,,,,
91390,50,6,0,0,3,2,19308,0.00259,0.000103584,0.000311,-0.2316007265054395,-0.07488689147604839,-1.1450663149034224,,,,,,,,
91401,24,4,1,1,1,14,39231,0.00061,0.000356861,0.000102,0.5983104319138695,-0.08410846511686257,0.07050597165933754,8447.0,2213.0,5670.0,4576.0,0.2153144197190997,0.056409472101144505,0.1445285615966965,0.11664245112283653
91402,0,2,1,1,0,15,65754,0.0,0.000228123,3e-05,0.3367883493833846,-0.08694945497590129,-0.5473564675969572,12962.0,3912.0,8136.0,7554.0,0.1971286917906135,0.05949447942330505,0.12373391732822338,0.1148827447759832
91403,0,1,0,0,0,4,25793,0.0,0.000155081,3.9e-05,-0.9026451695646865,-0.08694945497590129,-0.8979127003189064,5669.0,986.0,4393.0,3568.0,0.21978831465901602,0.038227426045826386,0.17031752801147598,0.13833210561004924
91406,1,3,0,0,0,17,51953,2e-05,0.000327219,5.8e-05,-0.1584244585092277,-0.08685630776740821,-0.07175721733253022,12797.0,3705.0,8245.0,7396.0,0.2463187881354301,0.07131445729794238,0.15870113371701344,0.14235944026331493
91502,1,3,1,1,1,4,11652,9e-05,0.000343289,0.000257,0.1055254192548966,-0.08653029253768246,0.0053688013942531695,,,,,,,,
91504,1,2,0,0,0,7,27010,4e-05,0.000259163,7.4e-05,-0.6512094711682006,-0.08676316055891514,-0.3983837469199589,248.0,40.0,198.0,148.0,0.009181784524250277,0.001480932987782303,0.007330618289522399,0.005479452054794521
91505,0,4,1,1,0,9,31744,0.0,0.000283518,0.000126,0.42591806458352166,-0.08694945497590129,-0.2814948741078362,164.0,44.0,117.0,95.0,0.00516633064516129,0.0013860887096774194,0.0036857358870967744,0.0029926915322580645
91506,0,2,0,0,0,11,18612,0.0,0.000591017,0.000107,-0.5132955773039224,-0.08694945497590129,1.194309334508667,,,,,,,,
91601,0,3,1,1,0,14,36992,0.0,0.00037846,8.1e-05,0.45031015391559226,-0.08694945497590129,0.17416775625671146,13202.0,3485.0,8967.0,7388.0,0.3568879757785467,0.09420955882352941,0.24240376297577854,0.1997188581314879
91604,0,2,0,0,0,3,32469,0.0,9.23958e-05,6.2e-05,-0.7891233650324789,-0.08694945497590129,-1.1987627257757931,8144.0,1431.0,6346.0,5434.0,0.25082386276140317,0.04407280790908251,0.195447965751948,0.16735963534448242
91605,0,1,0,0,0,9,49868,0.0,0.000180476,2e-05,-0.7302528022343387,-0.08694945497590129,-0.776032473463482,11944.0,3486.0,7728.0,6803.0,0.23951231250501323,0.06990454800673779,0.15496911847276812,0.13642014919387183
91608,127,1,1,1,0,0,38,3.34211,0.0,0.026316,-0.32838903060593616,15.478461393863242,-1.6422051776162503,116.0,33.0,78.0,63.0,3.0526315789473686,0.868421052631579,2.0526315789473686,1.6578947368421053
91702,105,5,1,1,2,13,60903,0.00172,0.000213454,8.2e-05,0.7118322364460772,-0.07893879504549704,-0.6177585565019471,,,,,,,,
91706,7,7,4,4,1,20,71082,0.0001,0.000281365,9.8e-05,3.3856922051742044,-0.08648371893343593,-0.29182793685324787,,,,,,,,
91711,14,5,1,1,1,26,37529,0.00037,0.000692798,0.000133,1.1600523915049816,-0.08522623161877944,1.6827949170868097,,,,,,,,
91722,125,1,0,0,0,11,35099,0.00356,0.000313399,2.8e-05,-0.6612958553021996,-0.07036925186413436,-0.1380846335617865,,,,,,,,
91723,5,3,1,1,1,9,17733,0.00028,0.000507528,0.000169,0.2779177865852444,-0.08564539405699828,0.7936139905459771,,,,,,,,
91724,122,1,0,0,0,8,28352,0.0043,0.000282167,3.5e-05,-0.7647312757004083,-0.06692280514989067,-0.2879788349852404,,,,,,,,
91731,17,3,1,1,1,12,27620,0.00062,0.000434468,0.000109,0.3813532069834531,-0.08406189151261605,0.4429713690040475,,,,,,,,
91732,2,3,0,0,0,13,57431,3e-05,0.000226359,5.2e-05,-0.296338352373506,-0.08680973416316168,-0.5558225719550185,,,,,,,,
91733,624,1,0,0,0,10,41255,0.01513,0.000242395,2.4e-05,-0.6957743287682692,-0.01648359175089187,-0.4788597321104198,,,,,,,,
91740,4,1,0,0,0,10,26168,0.00015,0.000382146,3.8e-05,-0.6957743287682692,-0.08625085091220323,0.1918582668371049,,,,,,,,
91741,6,5,2,2,1,12,26071,0.00023,0.000460282,0.000192,1.3895237958030364,-0.08587826207823095,0.5668625356134559,,,,,,,,
91744,730,2,1,1,0,28,76942,0.00949,0.00036391,2.6e-05,0.785008504442289,-0.042751104545938334,0.10433679343936857,,,,,,,,
91745,600,3,0,0,0,18,54351,0.01104,0.000331181,5.5e-05,-0.12394598504315817,-0.035532195887725215,-0.05274207817910675,,,,,,,,
91746,253,1,0,0,0,14,28387,0.00891,0.000493183,3.5e-05,-0.5578604349039908,-0.045452373592237444,0.7247669004006311,,,,,,,,
91748,1203,1,0,0,0,16,42463,0.02833,0.000376799,2.4e-05,-0.4889034879718518,0.04499356585453606,0.16619598792409235,,,,,,,,
91750,25,5,1,1,2,10,32692,0.00076,0.000305885,0.000153,0.6083968160478685,-0.08340986105316453,-0.17414716652463985,,,,,,,,
91754,23,7,3,3,1,10,32248,0.00071,0.000310097,0.000217,2.3287374376904806,-0.08364272907439721,-0.15393218264926872,,,,,,,,
91765,577,2,0,0,0,14,44502,0.01297,0.000314593,4.5e-05,-0.40986015690571365,-0.0265434902681437,-0.13235417516976544,,,,,,,,
91766,1,6,2,2,1,18,69327,1e-05,0.000259639,8.7e-05,1.7443949145977309,-0.08690288137165475,-0.3960992425693711,,,,,,,,
91767,2,2,0,0,0,19,49152,4e-05,0.000386556,4.1e-05,-0.23746778957536585,-0.08676316055891514,0.21302352773225827,,,,,,,,
91768,1,4,1,1,0,13,34200,3e-05,0.000380117,0.000117,0.5638319584477999,-0.08680973416316168,0.1821203270737794,,,,,,,,
91770,1348,2,0,0,0,17,58382,0.02309,0.000291186,3.4e-05,-0.30642473650750496,0.02058899722935103,-0.2446932367962635,,,,,,,,
91773,606,4,1,1,1,18,33598,0.01804,0.000535746,0.000119,0.7362243257781477,-0.0029306729151497984,0.9290428640016322,,,,,,,,
91775,125,2,0,0,0,6,23672,0.00528,0.000253464,8.4e-05,-0.6856879446342703,-0.06235859193373012,-0.42573540720147357,,,,,,,,
91776,38,2,1,1,0,13,36952,0.00103,0.000351808,5.4e-05,0.2678314024512454,-0.08215237373850805,0.046254710139335325,,,,,,,,
91780,433,2,1,1,0,12,35588,0.01217,0.000337192,5.6e-05,0.23335292898517584,-0.030269378607866607,-0.023893011684601752,,,,,,,,
91789,272,4,1,1,0,17,40298,0.00675,0.000421857,9.9e-05,0.7017458523120782,-0.05551227210948929,0.38244640185012924,,,,,,,,
91790,0,4,1,1,1,14,44710,0.0,0.000313129,8.9e-05,0.5983104319138695,-0.08694945497590129,-0.1393804658614899,,,,,,,,
91791,1,2,0,0,0,14,33028,3e-05,0.000423883,6.1e-05,-0.40986015690571365,-0.08680973416316168,0.3921699434767916,,,,,,,,
91792,6,1,0,0,0,4,30629,0.0002,0.000130595,3.3e-05,-0.9026451695646865,-0.08601798289097057,-1.0154302917653295,,,,,,,,
91801,0,5,1,1,1,13,53381,0.0,0.000243532,9.4e-05,0.7118322364460772,-0.08694945497590129,-0.4734028383150028,4.0,1.0,3.0,3.0,7.493302860568367e-05,1.8733257151420917e-05,5.619977145426275e-05,5.619977145426275e-05
91803,0,1,0,0,0,10,27715,0.0,0.000360815,3.6e-05,-0.6957743287682692,-0.08694945497590129,0.08948271578165888,,,,,,,,
93243,7,1,0,0,0,1,0,,,,-1.0060805899628953,,,,,,,,,,
93510,55,2,0,0,1,5,7786,0.00706,0.000642178,0.000257,-0.7201664181003398,-0.054068490377846654,1.4398503577868855,,,,,,,,
93532,17,4,0,0,2,1,2930,0.0058,0.000341297,0.001365,-0.5620797559680636,-0.05993676451291023,-0.004191561350224179,,,,,,,,
93534,762,4,2,2,0,22,41430,0.01839,0.000531016,9.7e-05,1.5863082524654548,-0.0013005967665210298,0.9063418018623861,,,,,,,,
93535,768,2,0,0,0,28,79409,0.00967,0.000352605,2.5e-05,0.07283847161926037,-0.04191277966950069,0.050079815112903735,,,,,,,,
93536,437,8,0,0,3,19,73412,0.00595,0.000258813,0.000109,0.6505338784142976,-0.059238160449212186,-0.4000635295306855,,,,,,,,
93543,151,1,0,0,0,4,12275,0.0123,0.000325866,8.1e-05,-0.9026451695646865,-0.029663921752661637,-0.07825077696770995,,,,,,,,
93544,32,1,0,0,0,0,1027,0.03116,0.0,0.000974,-1.0405590634289648,0.05817389585630583,-1.6422051776162503,,,,,,,,
93550,1284,6,1,1,1,23,80645,0.01592,0.000285201,7.4e-05,1.20461724910505,-0.012804277015415496,-0.27341751943968584,,,,,,,,
93551,950,2,0,0,0,15,54360,0.01748,0.000275938,3.7e-05,-0.3753816834396441,-0.005538794752955838,-0.3178741660772837,,,,,,,,
93553,21,1,0,0,0,1,1319,0.01592,0.00075815,0.000758,-1.0060805899628953,-0.012804277015415496,1.9964439261616544,,,,,,,,
93563,6,1,0,0,1,0,195,0.03077,0.0,0.005128,-1.0405590634289648,0.0563575252906909,-1.6422051776162503,,,,,,,,
93591,40,1,0,0,0,3,7051,0.00567,0.000425472,0.000142,-0.9371236430307561,-0.060542221368115205,0.39979615652948963,,,,,,,,
