ZIP_Code,Population,Part_1_Crime_Count,Part_1_Crime_Per_Capita,Count_Educational_Facility,Count_Public_Safety,Count_Fire_Stations,Count_Police_Stations,Count_Corrective_Facility,Airbnb_Listings_Count_June,Airbnb_Listings_Per_Capita_June,Median_Price_June,Median_Price_Entire_Home/Apt_June,Median_Price_Hotel_Room_June,Median_Price_Private_Room_June ,Median_Price_Shared_Room_June,LAX_Median_Distance_June_(KM),Hollywood_Walk_of_Fame_Median_Distance_June_(KM),Griffith_Park_Median_Distance_June_(KM),Walt_Disney_Concert_Hall_Median_Distance_June_(KM),TCL_Chinese_Theater_Median_Distance_June_(KM),Madame_Tussauds_Median_Distance_June_(KM),Venice_Beach_Median_Distance_June_(KM),Crypto_Arena_Median_Distance_June_(KM),California_Science_Center_Median_Distance_June_(KM),Hollywood_Sign_Median_Distance_June_(KM),La_Brea_Median_Distance_June_(KM),Getty_Center_Median_Distance_June_(KM),Griffith_Observatory_Median_Distance_June_(KM),Universal_Studios_Hollywood_Median_Distance_June_(KM),Aquarium_of_the_Pacific_Median_Distance_June_(KM),Santa_Monica_Pier_Median_Distance_June_(KM),Queen_Mary_Median_Distance_June_(KM),Airbnb_Listings_Count_Sept,Airbnb_Listings_Per_Capita_Sept,LAX_Distance_Median_Sept_(KM)
90001,56189,1061,0.0188827,21,1,0,0,0,40,0.000711883,110.5,121,0,60,0,16.0573001,15.85683278,18.29545095,8.385417583,16.57587761,16.575164,21.31300761,7.638627839,5.924067647,18.87398613,14.25369679,23.94143859,16.54331091,20.58457374,24.42139348,23.7979544,25.50397461,45,0.000800868,16.15332824
90002,52122,196,0.00376041,14,1,0,0,0,13,0.000249415,84,84,0,0,0,14.69666784,18.67694189,21.57022072,11.98099014,19.2509623,19.24357487,20.9404179,10.97300961,8.453793863,21.91607689,16.3080302,25.29520034,19.71778309,23.36805272,21.0972591,23.79462849,22.20733554,14,0.000268601,14.75947762
90003,70065,8,0.00011418,24,3,1,1,1,45,0.000642261,80,263,0,37,0,12.44438448,17.66126732,21.06888141,11.96571589,18.06417475,18.05045156,18.54116014,10.63684538,7.655630725,21.10032841,14.71098608,23.01308006,19.10797138,22.22891367,22.07685623,21.24539372,23.21980506,47,0.000670806,12.50366304
90004,58484,2,0.0000342,22,1,0,0,0,277,0.004736338,134,163.5,0,82,30,17.71090118,3.360379846,6.821873688,5.964371953,4.194919708,4.210096125,18.13405141,5.309938309,7.205132565,6.54240144,4.779268237,15.34278359,4.753543601,7.98672576,36.56202591,19.01331306,37.69181779,307,0.005249299,17.73206863
90005,39142,2,0.0000511,13,1,0,0,0,294,0.007511113,115,147,331,52,22.5,16.61405274,5.293927275,8.675265637,4.792500058,5.99918704,5.999111173,17.75347965,3.624207774,5.047795777,8.595033524,5.119854432,16.063875,6.676884712,10.01159174,34.46552054,18.94255074,35.58518838,290,0.007408921,16.61405274
90006,55527,1,0.00001801,13,2,1,1,0,261,0.004700416,90,155,0,49,16,15.94546198,6.713992953,9.738591992,4.139367792,7.366763713,7.362762097,17.71988926,2.68216072,3.803025459,9.847863796,5.849700492,16.78537266,7.784635584,11.37461667,33.17623808,19.14466416,34.30139191,257,0.004628379,15.92607368
90007,38715,5,0.00012915,22,1,0,0,0,176,0.004546042,55,121,0,47,49,14.71395023,8.843272102,11.97798478,4.63490035,9.439801414,9.436785823,17.19913644,2.676490456,1.818767019,12.07808429,7.256236265,17.67692708,9.988220287,13.4944322,30.94073301,18.92534263,32.06175278,205,0.005295105,14.55307076
90011,100113,5,0.00004994,38,3,1,1,0,79,0.000789108,56,142.5,0,53,24.5,16.1050159,11.95172052,14.08419398,4.200383584,12.82882162,12.8351742,19.72982846,3.540550298,2.637441381,14.77992914,10.93314005,21.04616241,12.38774592,16.68738702,28.66158108,21.69042571,29.74279169,109,0.00108877,16.47972776
90012,37336,244,0.00653525,8,8,1,1,5,326,0.008731519,145,176,211,59,0,19.87238928,9.05583059,9.871478518,1.053493781,10.2419932,10.26250312,22.37737524,2.84717977,5.866060437,11.12833849,10.36901067,21.32084178,8.577137709,13.42644609,33.2325189,23.88415181,34.30117102,322,0.008624384,19.87238928
90015,24704,22,0.00089054,15,4,3,3,0,347,0.014046308,186.5,190,0,109,25,17.55315196,8.872884657,10.97411096,1.688774203,9.806508823,9.816012584,20.19611052,0.796680084,3.70501048,11.60616479,9.000249642,19.90357995,9.223897552,13.55972444,31.68973596,21.8740564,32.78474574,332,0.013439119,17.62773905
90016,46457,0,0,11,1,0,0,0,353,0.007598424,125,153,0,60,48.5,11.3267993,8.111453669,12.79920107,9.990414255,7.923246949,7.894509572,11.83784915,8.194224594,6.648485845,11.71526919,3.60072075,12.08339919,10.74654985,11.76301235,33.46645297,13.2948598,34.62245771,405,0.008717739,11.48855294
90017,30172,1,0.00003314,16,1,1,1,0,355,0.011765876,165,165,0,128,23,18.22772279,8.095670648,9.833560629,1.204586716,9.129738039,9.144434104,20.55110955,1.118609125,4.549939471,10.62205493,8.731750522,19.68407449,8.168233292,12.71536248,32.87650129,22.0706512,33.96551696,373,0.012362455,18.22772279
90018,48745,0,0,16,2,0,0,0,650,0.013334701,50,134,0,48,39,13.11120072,8.752093473,12.53383888,6.193334542,9.144775326,9.132657288,15.68882357,4.226315202,2.164362796,12.25613901,6.287810559,16.51457958,10.47516483,13.30564022,30.98500508,17.55089321,32.12287444,692,0.014196328,13.14507055
90019,59548,1,0.00001679,15,2,1,1,1,525,0.008816417,116.5,150,0,80,0,13.40484505,6.169682859,10.75756356,8.73928148,6.024610548,5.993483737,13.55381046,7.066610956,6.495051791,9.703354173,2.365380827,12.4860986,8.685561591,10.00428616,34.69043104,14.71034756,35.84065376,558,0.009370592,13.47602422
90021,2897,6,0.00207111,8,1,0,0,0,15,0.00517777,127.5,127.5,0,0,0,19.38967776,11.53039289,12.63912521,2.660898583,12.5993842,12.61537526,22.75784844,3.534095385,5.481816172,13.78603251,12.04232481,22.95497765,11.22967982,16.07523186,30.62876968,24.68914196,31.68372647,16,0.005522955,19.35307726
90022,60343,1388,0.02300184,25,3,1,1,0,145,0.00240293,66,124.5,0,60,0,23.99523821,16.32247263,16.38335371,7.597650673,17.4986911,17.52091203,28.11940341,8.862924947,10.71947398,18.01178207,17.35346292,28.28466306,15.40860344,20.59532687,29.78807722,30.06282048,30.74118581,77,0.001276039,25.11301698
90023,43857,141,0.00321499,19,2,0,0,0,50,0.001140069,50,131,0,38,0,21.95631269,15.1050972,15.60169083,6.244868861,16.23381712,16.25300978,26.1004083,7.310058168,8.734552098,17.05057907,15.81895631,26.71723367,14.45112136,19.51631725,29.44471194,28.15771689,30.42112692,56,0.001276877,22.30984478
90024,51675,1,0.00001935,7,2,0,0,0,475,0.009192066,135,243,0,60,77,13.38185326,11.49867636,15.99294223,17.48435344,10.33805748,10.2904217,8.53474618,15.95531735,14.92401027,13.76898522,7.703747443,3.86981132,14.4882553,11.83011592,39.9870116,7.619165689,41.14790222,492,0.009521045,13.34771653
90025,46508,3,0.00006451,11,1,1,1,0,500,0.010750839,137,181.5,0,68.5,40,12.08765613,13.25217445,17.87865105,18.61811646,12.14575087,12.09806337,6.670364993,16.94143209,15.54601657,15.71707124,9.133336371,4.57122652,16.2765106,13.83785075,39.12286572,5.61264511,40.28103345,493,0.010600327,12.09187208
90026,62692,0,0,22,1,0,0,0,707,0.011277356,154,162,0,72,0,20.32920577,6.141605301,6.723038497,3.678482809,7.365934952,7.397016316,21.57423601,4.46573729,7.576512579,7.981941152,8.576745046,19.15514018,5.424027029,10.32025626,36.25909943,22.63319438,37.33462234,713,0.011373062,20.32845907
90027,46558,2,0.00004296,9,1,0,0,0,398,0.008548477,156.5,180,0,80,81,21.12212635,3.741796674,3.843437717,6.872601716,5.004047588,5.041911258,21.38907438,7.180988169,9.774885644,4.538416936,7.849893948,17.48714467,2.249827306,6.991275416,39.03152022,22.01504001,40.13499443,425,0.009128399,21.0688666
90028,32883,2,0.00006082,16,4,1,1,1,987,0.03001551,169,184.5,255,76.5,24.5,19.03871171,0.989987773,5.341601442,9.323018771,0.841549197,0.841642492,17.90669947,8.810345809,10.27872301,3.899171684,4.735236392,13.15817077,3.626711484,4.72991587,39.66948757,18.15144749,40.80092866,1045,0.031779339,19.06385123
90029,33303,10,0.00030027,7,1,0,0,0,257,0.007717022,122,140,0,73.5,42.5,19.71375115,3.460870073,5.185356295,5.708099574,4.749180893,4.782937681,20.08553305,5.796310942,8.353055133,5.638135026,6.63536002,16.88629539,3.351529699,7.743809794,37.65048816,20.88750068,38.76190283,267,0.008017296,19.72276539
90031,36127,0,0,18,1,0,0,0,96,0.002657292,102,164.5,0,50,0,23.92033243,11.23797753,10.19511223,4.788165301,12.54106907,12.57412188,26.24536592,6.753410239,9.959158128,12.08699491,13.69552159,24.48183784,9.573938208,14.89539046,35.31294683,27.60607711,36.31896203,101,0.002795693,23.96739599
90032,43117,6,0.00013916,15,3,1,1,0,113,0.002620776,106,129,0,60,0,26.10082065,14.05266086,12.48584844,7.065273437,15.36215445,15.39738989,28.70432084,9.018965812,12.10128904,14.61521013,16.51764272,27.26590985,12.21651985,17.51215576,35.76836481,30.16556032,36.7421644,115,0.002667161,26.0967148
90033,45647,48,0.00105155,21,4,2,2,1,58,0.00127062,89,113,0,65,0,21.67486113,12.26507595,12.54845769,3.697239767,13.4466442,13.46947031,24.93146951,5.239581631,7.743412118,14.06537728,13.55380194,24.50403414,11.46361282,16.5641855,31.87694466,26.67293554,32.90634459,72,0.001577322,21.74400713
90034,57075,2,0.00003504,14,1,0,0,0,408,0.007148489,115,135,0,60,0,9.61466842,10.43676558,15.34302139,13.90164069,9.726054425,9.682428235,8.167945042,12.11497936,10.40293114,13.71281712,5.474227019,8.924641192,13.42023646,12.91042328,35.05380398,9.355146848,36.21461319,420,0.007358739,9.627533524
90035,29000,1,0.00003448,16,1,0,0,0,420,0.014482759,140,152.5,323,84,0,12.6779962,7.170727682,12.07042339,12.16425019,6.418056643,6.3748895,11.27816664,10.60979021,9.810077038,10.38628484,2.511626658,8.912880134,10.17940135,9.70392848,36.91753291,11.83100461,38.07804521,435,0.015,12.68754541
90036,39278,0,0,13,1,0,0,0,511,0.013009827,184,208,0,94,27,15.0697006,4.241841609,9.088483596,9.498270176,3.807602054,3.778263361,14.45425101,8.254881825,8.474369488,7.736087091,1.185958778,11.42047747,7.12744593,7.69715654,37.03585154,15.0497352,38.18454813,488,0.012424258,15.06963186
90037,65482,1,0.00001527,15,1,0,0,0,155,0.002367063,73,169,0,45,20,13.09558102,11.09657344,14.43446755,6.569154527,11.64784093,11.64015461,16.71246292,4.673987678,1.364946516,14.45303069,8.935662855,18.72400386,12.45783352,15.7705756,28.58342788,18.89247266,29.70945915,155,0.002367063,13.09601226
90038,27127,14,0.00051609,8,1,0,0,0,478,0.017620821,160,179,0,88,44,17.91267874,1.749274925,6.292464043,8.653892695,1.751072556,1.745611597,17.14674045,7.931477458,9.228164631,5.060476975,3.720564999,13.07549786,4.328997855,5.801372196,38.53941352,17.54628488,39.67542638,458,0.016883548,17.91267874
90040,11430,887,0.0776028,3,5,0,0,1,60,0.005249344,39,229,0,39,34,22.86636891,17.53423432,18.18342796,8.643737353,18.63333208,18.65060583,27.53394779,9.486329694,10.36939168,19.59335443,17.9434789,28.7411828,16.99886901,22.00828274,27.29158979,29.7484421,28.24555587,16,0.001399825,23.94801116
90041,27920,0,0,9,2,0,0,0,134,0.004799427,148,152,0,90,0,28.46193596,11.42248472,7.69464562,10.0353715,12.64380474,12.68986727,29.25769973,11.77612864,15.23609202,10.20659891,15.72179355,25.16469356,8.564013488,13.13823085,41.6185151,29.90719508,42.62119693,135,0.004835244,28.44848456
90043,42377,223,0.00526229,23,1,0,0,0,360,0.008495174,125.5,158,0,52.5,0,8.56766812,12.49039943,16.77971164,10.74244607,12.46976919,12.44196123,12.53837074,8.795127552,5.602429525,16.12368863,8.343099207,15.8449911,14.69102246,16.51137204,28.72168268,14.92754021,29.88111267,339,0.007999622,8.592154361
90044,94830,746,0.00786671,26,1,0,0,0,148,0.001560688,94,146,0,53,26.5,11.09914717,17.16189329,20.69473218,11.99082379,17.5095433,17.49361453,17.29104005,10.49550285,7.296007711,20.63698898,14.03291024,22.13938631,18.69960221,21.67533072,22.68501634,20.17568882,23.83312017,128,0.001349784,11.0719359
90045,41786,41,0.00098119,19,5,1,1,0,255,0.006102522,164,176,187,76,0,2.769200019,16.8513671,21.59999385,16.85542087,16.45280167,16.41725646,8.308632646,14.88880809,11.73141372,20.40695363,11.99667822,15.02213891,19.52931127,20.12446426,28.57643872,11.40123902,29.73035016,232,0.005552099,3.009548408
90046,48296,361,0.00747474,10,3,0,0,0,1630,0.033750207,204,221.5,262,95,0,17.74018431,2.660579617,7.121565061,10.56645516,1.552502788,1.507989345,16.25006515,9.810516524,10.74693976,5.280289647,3.464523768,11.3633345,5.545312597,4.93117785,39.69432563,16.35599052,40.84138851,1613,0.033398211,17.74013603
90047,50974,278,0.00545376,25,2,0,0,0,182,0.003570448,142,165,0,74,0,9.560499065,17.03953162,20.83927381,12.56061573,17.26614503,17.24638286,15.62743535,10.93116125,7.599655617,20.60113438,13.48729092,20.92096614,18.80206409,21.4155433,23.36663963,18.49572479,24.52493298,172,0.003374269,9.538835342
90056,8543,181,0.02118694,1,1,0,0,0,104,0.012173709,192,199,0,120,0,6.057820213,13.46601872,18.14317034,13.47649599,13.21964846,13.18771665,9.307255388,11.50626744,8.604280881,17.08507312,8.844380615,14.05586566,16.05862259,17.08963164,29.54949233,11.91382516,30.71156232,97,0.011354325,5.965702277
90057,46629,1,0.00002145,9,2,1,1,0,76,0.001629887,97.5,131,0,48.5,14.5,18.15214096,6.169942089,8.395278673,3.027519383,7.139084825,7.152492767,19.70002052,2.327056386,5.282821504,8.978893451,7.129835296,18.04727575,6.585036368,10.87185866,34.27088931,20.94295736,35.36791763,80,0.001715671,18.16522754
90058,3585,10,0.0027894,2,4,1,1,1,137,0.038214784,182.5,198,0,56.5,0,17.75061409,13.17353619,15.02197049,4.902049095,14.0833566,14.09088368,21.9797147,4.68988102,4.756156116,15.84302354,12.62667318,23.25892158,13.39207848,17.87785916,28.02995566,24.14562327,29.09440647,170,0.047419805,17.73415784
90059,37511,367,0.0097838,17,1,0,0,0,43,0.00114633,81,122,0,79,17,14.56178987,21.1756061,24.27609142,14.71520578,21.66285894,21.651967,21.42797767,13.65568602,10.98469841,24.50874858,18.48832417,27.03768773,22.38304943,25.81357137,18.49431135,24.48672408,19.62260596,44,0.001172989,14.57867615
90061,30051,180,0.00598982,12,2,1,1,0,20,0.000665535,196,241,0,67,0,13.15189957,20.48493748,23.9589566,14.93183025,20.84016685,20.82451988,19.87471507,13.5910766,10.53827425,23.9495055,17.3568335,25.18094067,21.98346459,25.00676791,19.37254223,22.89867605,20.51983712,19,0.000632258,13.1085685
90062,32715,0,0,7,2,1,1,1,83,0.002537063,110,146,0,35,0,11.66501241,10.86167498,14.62202089,7.674388606,11.22012138,11.20384456,15.0499317,5.770638044,2.57508115,14.37633984,7.884726117,17.2763594,12.57240485,15.38604343,28.96269805,17.23992308,30.10749602,78,0.002384227,11.78957493
90063,48397,303,0.00626072,21,3,0,0,1,248,0.005124285,147,157.5,0,60,0,23.88710202,14.49559766,14.07225799,6.057684692,15.72205973,15.74892581,27.23172013,7.640225068,10.06992838,15.84453914,15.90504497,26.8563097,13.26476319,18.54289194,32.30135659,29.00669889,33.28260051,292,0.006033432,23.86349855
90064,26642,0,0,14,3,0,0,0,230,0.008632986,140,206.5,0,79,30,10.35517348,12.31349542,17.11387616,16.98510737,11.34253607,11.29539345,6.251014706,15.29219027,13.70511861,15.14548734,7.773092932,6.18153728,15.36689392,13.67985464,37.42531123,6.511710458,38.58302083,221,0.008295173,10.33559925
90065,44658,0,0,18,3,1,1,0,228,0.005105468,142,160,0,65,0,25.07076413,9.423726341,6.981792832,6.630956015,10.73579196,10.77319443,26.38754424,8.389625606,11.83768285,9.204177195,13.13079519,23.12741774,7.044956831,12.15470029,38.71717918,27.36272402,39.74978526,234,0.005239823,25.05568559
90066,56740,8,0.00014099,21,4,2,2,1,646,0.011385266,162,180,0,90,0,6.540769929,15.04667656,19.93965809,17.67197092,14.26419245,14.21882067,4.229249304,15.77035303,13.4279062,18.20151447,10.09874331,9.73119153,18.05253206,17.13000519,34.13481384,6.428426501,35.28687052,650,0.011455763,6.535176023
90068,21572,1,0.00004636,2,1,0,0,0,778,0.03606527,234.5,260.5,0,107,16,20.57456746,1.648177571,4.462909212,10.14170708,2.177603894,2.214150891,19.1393315,9.766078916,11.5671693,2.780275646,6.316787827,13.60882667,3.317276931,3.56876227,41.00368119,19.17602141,42.13227385,756,0.035045429,20.63401691
90069,20961,936,0.04465436,2,2,1,1,0,777,0.037068842,456,517.5,638,184,0,16.70357685,4.984942556,9.222871867,12.59438376,3.743515479,3.697075894,14.30524944,11.61181626,12.08057992,7.089576312,3.875427308,8.918659512,7.801942017,5.794221943,40.38968624,14.23089651,41.54257682,772,0.036830304,16.74660355
90201,92763,240,0.00258724,25,5,2,2,1,33,0.000355745,108,161,0,56,0,21.8977579,20.07841451,21.53330231,11.48249301,21.00643453,21.01648729,27.4158863,11.59089293,11.17367419,22.62731986,19.39350974,29.81118883,20.09979365,24.76247676,23.22743194,29.90108711,24.17470612,35,0.000377306,21.95117088
90210,19004,1,0.00005262,4,6,1,1,1,601,0.031624921,745.5,864,0,205.5,0,15.8474149,7.258513401,11.64981811,14.49645567,5.986558067,5.948040105,12.47010556,13.39826685,13.34125333,9.499591395,5.145143779,7.150485468,10.07201417,7.812003464,40.68979026,12.11767876,41.8504899,590,0.031046096,15.72106755
90220,48354,1382,0.02858088,18,3,1,1,0,53,0.001096083,130,162,0,71,0,16.97158255,24.69164989,27.60521131,17.95024827,25.14726494,25.13398253,24.23860445,17.04190541,14.50714659,27.98440198,21.95387726,29.97380512,25.77453477,29.31049744,15.04813344,27.38507821,16.18527847,49,0.00101336,16.97158255
90221,50659,456,0.00900136,18,4,2,2,0,22,0.000434276,87.5,99,0,82,0,19.74832496,25.7790465,28.16664064,18.08825953,26.45862489,26.45510512,26.87069109,17.57232062,15.66682226,28.82167119,23.69207283,32.26950189,26.46930006,30.50997973,15.07002974,29.95267061,16.07058007,25,0.000493496,19.8261637
90222,32340,170,0.00525665,11,1,0,0,0,17,0.000525665,135,139.5,0,59,0,15.73377529,22.64166768,25.57126453,15.89763836,23.2072821,23.20093788,22.7098658,14.90959309,12.43697124,25.93491163,20.15029366,28.39842021,23.68625311,27.30859558,17.17645873,25.82287342,18.27045238,17,0.000525665,15.72428716
90230,31009,6,0.00019349,15,4,1,1,1,234,0.007546196,154,177,0,89.5,0,6.263035843,13.43432272,18.2938766,15.14124399,12.86016662,12.81766217,6.927219411,13.17855894,10.66414335,16.85407619,8.444773137,11.26143166,16.31894297,16.21799298,32.33799801,9.034393104,33.49908135,230,0.007417201,6.263035843
90232,16554,2,0.00012082,7,2,1,1,0,361,0.021807418,197,207,365,78,0,8.762538149,10.83051986,15.73108471,13.62713647,10.22189717,10.18227848,8.123386442,11.75843522,9.689031964,14.21015518,5.836063876,10.04883873,13.7657571,13.62623888,34.12415324,9.764881202,35.28460353,364,0.021988643,8.796714133
90240,24853,0,0,4,2,0,0,0,27,0.001086388,158,204,0,56,0,26.67879039,24.69506435,25.25467794,15.80705435,25.76428202,25.7795169,32.40523479,16.460394,16.47950197,26.75103761,24.68045687,35.09976813,24.15117206,29.18920793,22.56684697,35.03477406,23.40168697,30,0.001207098,26.68182605
90241,45319,2,0.00004413,16,2,1,1,1,57,0.001257751,125,173,0,64.5,0,26.0010044,26.00816871,26.94247538,17.15489858,27.03568209,27.04854076,32.20261315,17.65379987,17.15864042,28.20799828,25.50766201,35.60387741,25.65597481,30.56834542,21.31883368,34.96504405,22.06070623,63,0.001390145,26.03702009
90242,40767,11,0.00026983,15,3,0,0,1,66,0.001618957,85.5,200,0,53,0,24.40957144,26.06049248,27.63260765,17.56492309,26.93752361,26.94270038,30.85947681,17.57254341,16.58167816,28.69349199,24.95652789,34.78710428,26.18112355,30.76455256,18.47391052,33.66899785,19.17734823,65,0.001594427,24.47459846
90245,16769,1,0.00005963,12,5,1,1,0,125,0.007454231,165,158,399,112,195,2.742457815,21.26065318,26.01216614,20.80060643,20.91653878,20.87675753,9.680127813,18.84306568,15.54207048,24.85176244,16.485955,18.51853831,23.95041276,24.60940815,26.22085025,13.01783995,27.32852133,114,0.006798259,2.746939559
90247,47053,33,0.00070134,10,2,1,1,0,72,0.001530189,112,127,0,70,0,11.80716413,23.56734658,27.27005312,18.52985781,23.80675242,23.78658899,19.233008,17.10543662,13.91294361,27.10648118,19.90858727,26.14090392,25.25648424,27.95195807,17.44104567,22.47763935,18.6029258,68,0.001445179,11.80716413
90248,11235,68,0.00605251,6,2,0,0,0,25,0.002225189,104,119,0,59,0,14.00687669,25.95071511,29.69265404,20.91417666,26.22402636,26.20648549,21.5351503,19.55765506,16.35175477,29.51185985,22.47334909,28.70209176,27.6712035,30.38624734,14.80491417,24.80618703,15.9625454,20,0.001780151,13.88240288
90249,26290,83,0.00315709,6,1,0,0,0,81,0.003081019,105,160,0,71.5,0,9.497784845,22.39344043,26.30832946,18.1372233,22.50058002,22.47656063,17.05194584,16.6138611,13.25331023,25.98861539,18.46791012,24.30463735,24.25464456,26.59646044,19.2192888,20.3434971,20.36623267,85,0.003233169,9.583795331
90250,93826,149,0.00158805,26,5,1,1,1,340,0.003623729,128,154,0,73,0,5.883552073,20.90742867,25.23209453,18.17565741,20.8187351,20.78768899,13.37125605,16.39925286,12.93701076,24.54601354,16.5032237,21.00677949,23.13624481,24.74947534,22.69297473,16.67795708,23.8427484,352,0.003751625,5.937577103
90255,69349,400,0.00576793,34,4,1,1,1,21,0.000302816,130,124.5,0,197,0,17.57635175,16.55729556,18.43114586,8.306452192,17.42151828,17.426641,22.85506455,8.085122488,6.961095756,19.30676888,15.3204382,25.33409399,16.8526694,21.27576061,24.68393455,25.31988773,25.7474703,20,0.000288396,17.7034123
90260,32075,589,0.01836321,14,2,1,1,0,128,0.003990647,140,176,0,75.5,0,8.359376369,23.80441891,28.10920809,20.62274756,23.78058379,23.75310702,15.9382708,18.91000887,15.46557554,27.443582,19.56849089,24.09446787,26.0153432,27.8019294,19.86358449,19.27592675,20.99119803,129,0.004021824,8.372802842
90262,64235,1453,0.02262007,22,4,1,1,1,40,0.000622713,133.5,185,71,93,0,18.66301971,22.9813398,25.3850769,15.34186497,23.67070031,23.66770361,25.3189973,14.77075514,12.88432579,26.02225587,21.03710774,30.10719751,23.674796,27.71526706,17.59160323,28.25765052,18.6290236,42,0.000653849,18.66301971
90265,15918,224,0.01407212,9,9,1,1,3,541,0.033986682,713,733,0,266.5,0,32.72889252,38.75299699,42.43952615,45.45404967,37.46106255,37.41782144,25.7571577,43.84367854,42.2539099,39.93862899,35.65990119,24.93963094,41.42207205,37.22215074,59.38674952,23.03137766,60.412553,583,0.036625204,32.60523238
90270,24218,312,0.01288298,7,1,1,1,0,10,0.000412916,84,83,0,105.5,0,21.82256428,18.5928926,19.65509908,9.782157,19.60738571,19.61982994,26.95654655,10.22386707,10.35278326,20.90718435,18.41627868,28.97803423,18.33903735,23.18739548,25.15898122,29.36520059,26.1259143,11,0.000454208,21.84293533
90274,25059,92,0.00367134,16,4,1,1,0,50,0.001995291,226.5,300,0,86,0,19.10429677,36.55507185,40.71682492,32.34080214,36.47532419,36.44356657,25.52285468,30.83616303,27.56011661,40.19399619,32.13124496,35.00405592,38.65330748,40.34958091,17.78121844,28.59829998,18.43890543,48,0.001915479,19.17225274
90275,40945,235,0.00573941,15,2,0,0,0,135,0.003297106,185,300,0,80,0,22.48694144,39.84909417,44.20603903,35.94255879,39.78320124,39.75197258,28.4765914,34.40736363,31.14654978,43.49033599,35.41899297,38.19643972,42.11326782,43.67131861,18.02754268,31.44856403,18.69130662,129,0.003150568,22.48694144
90277,34844,0,0,10,3,1,1,1,357,0.010245666,189,221.5,399,113.5,33,11.98404083,29.78336882,34.22082344,27.00895684,29.63890948,29.60660885,18.58440619,25.27548809,21.82675518,33.4234965,25.24326749,28.00805125,32.12155607,33.49842182,19.37256265,21.79163474,20.33953726,348,0.009987372,12.00398166
90278,42423,1,0.00002357,10,1,0,0,0,157,0.003700823,145,199,0,88,0,8.598013388,25.95233384,30.34078775,23.06183642,25.83819407,25.80885165,15.82142816,21.31930534,17.85905069,29.59521652,21.4841044,24.7285574,28.24177302,29.74068324,20.30525594,19.13677648,21.40375783,163,0.003842255,8.521875445
90280,91365,4,0.00004378,31,4,1,1,1,47,0.00051442,140.5,142,0,69,0,18.84091629,20.47551533,22.6641407,12.60687823,21.25820274,21.2593539,25.03814253,12.15114818,10.65477558,23.42307739,18.98920891,28.62884102,21.01710073,25.21303854,20.79971939,27.7635181,21.82878084,43,0.00047064,18.8272009
90290,6315,37,0.00585907,2,1,0,0,0,357,0.056532067,209,218,0,157,231,24.43009862,25.38910967,28.84002305,32.60970567,24.07847265,24.03835095,16.85422275,31.13518408,30.08045347,26.32839057,22.73074659,11.80925708,27.97196764,23.56620925,52.58483597,13.52308031,53.72192869,362,0.057323832,24.48202502
90291,26324,5,0.00018994,7,1,0,0,0,1282,0.048700805,241,247,0,171.5,66.5,7.569772143,17.88630079,22.74333222,21.2458347,16.9778404,16.93087078,0.955756859,19.35209577,16.97722497,20.83366665,13.09981995,9.572714292,20.93369333,19.40342424,35.71659332,3.559359017,36.85111001,1259,0.047827078,7.571575781
90292,23982,455,0.01897256,1,2,1,1,0,670,0.02793762,260,274,151,128,0,6.033047767,18.25158191,23.14563259,20.90608815,17.4369837,17.39109086,1.898381776,18.97643129,16.37439956,21.36251615,13.3141746,11.08213296,21.25977616,20.14206793,34.1334927,5.10176845,35.26184824,749,0.031231757,5.986333118
90301,36060,3,0.00008319,20,3,2,2,0,135,0.00374376,122,138,91.5,74.5,0,5.624227077,16.26745505,20.77353715,14.43020901,16.13361994,16.10244417,11.72160108,12.52789277,9.18204523,19.89632136,11.79614562,17.3824917,18.67460023,20.05602627,26.1818829,14.66720632,27.34409733,143,0.003965613,5.56512964
90303,22727,1,0.000044,5,2,1,1,0,87,0.003828046,154.5,171,123,94,0,7.394752138,18.38716885,22.58333393,14.98638044,18.40541756,18.37762207,14.40801332,13.2958983,9.848964887,22.02402574,14.33089004,20.56172879,20.50215213,22.48986926,23.08041618,17.55351502,24.24216668,89,0.003916047,7.327775962
90304,25430,286,0.01124656,8,1,0,0,0,135,0.005308691,129,157.5,128,69.5,59,5.109453523,18.40658278,22.77755883,16.10503419,18.29723096,18.26666813,12.04519616,14.24745856,10.80369421,22.04942404,14.01526309,19.01455473,20.6812905,22.25683718,24.5817449,15.2333986,25.74195465,136,0.005348014,5.117768116
90305,14708,0,0,3,1,0,0,0,76,0.005167256,145,177,0,75.5,0,8.008181782,15.79214023,19.93373692,12.70001386,15.90263829,15.87739632,13.93087361,10.90440913,7.441681402,19.41507512,11.87124749,18.91707537,17.85070765,19.97598913,25.13034223,16.82966286,26.28886699,77,0.005235246,8.004128914
90401,8101,1,0.00012344,3,5,3,3,1,386,0.047648438,237.5,233,0,285,0,11.16299802,18.03884163,22.69214116,22.78390958,16.95611988,16.90835434,3.655084666,20.99340519,19.03805089,20.53750715,13.65950838,7.12465,21.07845649,18.69478343,39.32461702,0.785018281,40.45946453,400,0.04937662,11.14553219
90404,22978,7,0.00030464,7,2,1,1,0,245,0.010662373,153.5,178,0,97.5,0,11.3028058,16.06943238,20.74127359,20.93687308,14.99581938,14.94813273,4.427336594,19.18323258,17.41102998,18.60760101,11.74697621,5.712109769,19.10592588,16.79113376,39.1871158,2.710207477,40.33880158,245,0.010662373,11.24752168
90405,27298,0,0,11,3,1,1,0,359,0.013151147,200,216.5,0,128,83,9.636102205,17.69982151,22.47021612,21.83537054,16.69826749,16.65057256,2.460261144,20.00547944,17.84311989,20.42700572,13.10039187,7.935281113,20.7523968,18.74914138,37.70345437,1.79992007,38.85091673,339,0.012418492,9.589988628
90501,41787,7,0.00016752,14,1,0,0,0,136,0.003254601,120.5,135.5,216,53.5,25,15.55439384,30.31258415,34.15104614,25.51565747,30.45674021,30.43418363,22.90728595,24.08289081,20.84963084,33.89955643,26.45365328,31.59503957,32.12799869,34.57281869,13.28078758,26.22268595,14.35040489,132,0.003158877,15.55581626
90502,18467,216,0.01169654,3,1,1,1,0,44,0.002382628,101,144.5,0,64.5,0,17.30433097,31.22438519,34.95111529,25.99469198,31.42827575,31.4070019,24.83825667,24.66974509,21.55973791,34.7792091,27.51990929,33.09624998,32.93999996,35.5633165,11.18348839,28.17687202,12.25662086,47,0.00254508,17.08644823
90503,43454,3,0.00006904,15,4,1,1,1,97,0.002232246,90,157,0,72,0,12.33984812,29.30377226,33.5418921,25.46264268,29.23210522,29.20245168,19.47179103,23.90557534,20.55928904,32.94698746,24.94223363,28.49738601,31.47220723,33.19122722,17.19334097,22.75902329,18.2342614,95,0.00218622,12.30810256
90504,33084,0,0,11,2,0,0,0,73,0.002206505,144.5,196,264,62,0,10.52610481,26.15455595,30.33577531,22.321169,26.13694201,26.10855365,18.03627093,20.7080485,17.28394665,29.79298781,21.90922498,26.41352478,28.25289072,30.14920701,17.76555668,21.37470611,18.90052003,72,0.002176279,10.52764459
90505,35148,1,0.00002845,12,2,0,0,0,81,0.002304541,105,200,141.5,79.5,0,16.48216498,33.31750484,37.49254551,29.4422821,33.30058829,33.27241048,23.45607748,27.87020158,24.5053573,36.95421443,29.0449622,32.63373642,35.41396959,37.29638049,14.75007643,26.70781386,15.65868794,82,0.002332992,16.61456653
90601,30078,69,0.00229404,14,2,0,0,1,75,0.002493517,137,177,0,77.5,0,34.25726137,28.78183978,28.09605653,20.20320045,30.00697417,30.03254964,39.46503105,21.40382346,22.51725129,30.05284431,29.91352025,40.80014592,27.4789252,32.78639179,29.29068732,41.83806236,29.88491694,76,0.002526764,34.23906455
90602,25905,8,0.00030882,3,3,1,1,1,45,0.001737116,125,138,0,69,0,35.08719195,30.85614122,30.33776412,22.13788732,32.04781327,32.07078411,40.65544048,23.22359477,24.02612291,32.21353617,31.71236969,42.52006192,29.64888688,34.95331318,28.01645786,43.12930368,28.53363495,46,0.001775719,35.05735009
90603,21118,1,0.00004735,4,1,0,0,0,21,0.000994412,57,115,0,54.5,0,38.78334954,35.53189413,35.12124228,26.76626469,36.71100179,36.73301477,44.72675692,27.78150101,28.41841545,37.00874366,36.24444414,46.9926653,34.4312654,39.71222223,28.06197362,47.30822415,28.38660485,18,0.000852353,39.17544122
90604,39276,271,0.00689989,13,2,0,0,0,40,0.001018434,117,158.5,0,86,0,35.88338965,34.2380667,34.30059139,25.37422473,35.36900287,35.38732661,42.09099366,26.19537964,26.3788192,36.00909519,34.48724453,45.00993437,33.40752546,38.57819868,24.63809882,44.79564693,25.04229907,39,0.000992973,35.88287886
90638,45933,605,0.01317136,14,3,1,1,0,43,0.000936146,72.5,164,0,64.5,0,36.61814805,36.42209261,36.69139532,27.53232321,37.49140889,37.50642165,43.14116298,28.16254155,28.07160455,38.31340015,36.3122394,46.6443893,35.71530846,40.89567587,22.87209032,45.97165312,23.21213893,46,0.001001459,36.60517571
90640,61382,18,0.00029325,20,6,2,2,1,53,0.000863445,155,160,0,116,0,28.32312024,22.26321119,21.58552637,13.66896795,23.51295104,23.54298642,33.21590221,14.85419352,16.08402222,23.49358936,23.36373507,34.25032019,20.90853249,26.23303363,29.16678118,35.44282502,29.98839104,54,0.000879737,28.34640923
90650,99900,1551,0.01552553,29,5,2,2,1,85,0.000850851,82,115.5,0,61,0,30.39525006,31.32990801,32.33324159,22.63118918,32.31880343,32.32887743,36.965489,22.90195542,22.37214016,33.74347827,30.71076741,40.67344202,31.16467017,35.99133459,18.6947871,39.8352132,19.22175156,102,0.001021021,30.40729413
90660,60272,1306,0.02166844,19,4,1,1,0,56,0.000929121,129,135,0,74.5,0,29.56326049,25.26150979,25.09148417,16.41823572,26.38257776,26.40100557,34.95742838,17.43972409,18.28228864,26.9263701,25.92701633,36.78318182,24.35401088,29.57931195,26.50183201,37.3704018,27.23014177,55,0.00091253,29.53727722
90670,17851,2,0.00011204,12,5,1,1,0,8,0.000448154,102,102,0,0,0,30.12292282,28.4645329,28.60635836,19.5989449,29.55371187,29.57011563,36.1387733,20.3172949,20.33275386,30.25492052,28.55780776,38.93826027,27.65392398,32.84581471,23.48408015,38.7870631,24.12848075,7,0.000392135,30.3591874
90703,48108,1510,0.03138771,25,3,1,1,0,25,0.000519664,68.5,326,0,53.5,0,32.989442,36.09434349,37.10581382,27.33198028,37.05609476,37.06525352,40.06834839,27.6346448,26.6868218,38.45074058,35.04776323,44.68064124,35.8731998,40.72634415,16.25536634,43.1225106,16.73142591,27,0.000561237,32.989442
90704,3421,48,0.01403099,1,4,1,1,0,256,0.07483192,599.5,623,222.5,377,0,67.07859382,84.31333191,88.24356762,79.23864885,84.36718554,84.34062746,72.94071561,77.98771773,74.88322945,87.92571167,80.15394444,82.80304048,86.20874357,88.39732115,48.03315827,75.7708676,47.22925497,259,0.075708857,67.11072267
90706,76819,1516,0.0197347,17,3,1,1,0,81,0.001054427,140,180.5,261,67,0,26.39203787,30.4068524,32.15865464,22.08579042,31.20563724,31.20951079,33.18315563,21.94928351,20.60324359,33.15385832,28.90900841,38.13536061,30.6786303,35.13768026,14.92015794,36.21889931,15.54499295,82,0.001067444,26.2712633
90710,26761,75,0.00280259,8,1,0,0,0,61,0.002279436,64.5,167,0,55,8,19.44149092,34.38473059,38.1886814,29.29943515,34.546748,34.5240327,26.8184723,27.96954262,24.82162914,37.96055922,30.52976771,35.46738518,36.16549447,38.65766252,10.30505934,30.13280367,11.22366515,65,0.002428908,19.44149092
90712,30800,981,0.03185065,12,3,1,1,0,31,0.001006494,119,131,0,87,0,26.09222238,32.26038991,34.3100726,24.18575264,32.95028882,32.95169016,33.34958243,23.89008494,22.22894439,35.12091897,30.339579,39.03464383,32.70081773,36.99396214,10.61279202,36.49491113,11.39547549,33,0.001071429,26.19543367
90713,28221,291,0.01031147,8,1,0,0,0,25,0.000885865,125,166,0,64,0,29.35916169,34.43297612,36.14441064,26.03539537,35.26725669,35.27024798,36.6915061,25.96323989,24.62603004,37.13446041,32.89415646,42.05591872,34.62947229,39.15482601,12.28028408,39.85804124,12.59542518,21,0.000744127,29.35916169
90716,13599,243,0.01786896,3,1,0,0,0,10,0.000735348,152.5,167.5,0,55,150,33.50081001,38.44000171,39.98871059,29.95828787,39.28408111,39.28744717,40.79572516,29.96075413,28.73004834,41.09632392,37.04076636,46.21901421,38.57585437,43.15519189,13.38782673,43.94091312,13.45338969,8,0.000588279,33.56732942
90717,21482,366,0.01703752,6,2,1,1,0,33,0.00153617,106,136,0,69.5,0,18.74271929,34.57130431,38.51823293,29.89376936,34.6672375,34.64243336,25.96986674,28.48020471,25.24390016,38.17665071,30.54041616,34.86956964,36.47121241,38.7444164,11.83348879,29.25962447,12.74944963,34,0.00158272,18.76947164
90723,52050,1280,0.02459174,21,2,1,1,0,26,0.00049952,97,176.5,0,64.5,0,23.6228725,27.66905918,29.51650709,19.39953429,28.4778748,28.47987762,30.5205212,19.22736644,17.84959061,30.45507621,26.10717499,35.26249168,27.98490043,32.4003892,15.40390717,33.52327267,16.24477141,24,0.000461095,23.6228725
90731,61944,21,0.00033902,16,10,2,2,2,126,0.002034095,138,143.5,0,89,0,26.36776493,41.79745633,45.62557731,36.65190327,41.94813841,41.92503105,33.49470535,35.37240997,32.25309083,45.38239675,37.9057803,42.50361253,43.60137801,46.05443508,9.87366256,36.74506856,10.06466573,127,0.002050239,26.36027825
90732,23067,11,0.00047687,6,1,0,0,0,32,0.001387263,139,157.5,0,70.5,0,24.51447739,40.21915698,44.06828823,35.15265218,40.35384081,40.33013729,31.59128939,33.83994366,30.70470681,43.80578743,36.2846005,40.66686099,42.03836652,44.45043826,10.59208977,34.83612712,11.01750789,38,0.001647375,24.55879113
90744,52800,10,0.00018939,14,2,0,0,0,15,0.000284091,77,75,104,56,0,22.30054593,36.4884663,40.10531594,30.89276934,36.72540055,36.7050838,29.83108392,29.68803976,26.68607258,40.01881001,32.83445688,38.21390346,38.11876771,40.86821811,7.497076316,33.1686037,8.344616939,16,0.00030303,22.53662581
90745,57397,998,0.01738767,17,2,1,1,0,85,0.001480914,97,121.5,0,56,0,18.18878456,30.88968941,34.4296084,25.16457138,31.17745255,31.15899054,25.8105507,23.96427487,21.01216107,34.38890846,27.47930879,33.66614865,32.449769,35.3349887,9.979679963,29.14911405,11.11954907,84,0.001463491,18.18242001
90746,27091,459,0.0169429,10,3,1,1,0,62,0.002288583,112,143,0,74,0,17.13874754,28.24669146,31.49852836,21.89179601,28.61851849,28.60307045,24.72501598,20.86680442,18.15221764,31.6487084,25.0330538,31.87418534,29.58823489,32.78518379,11.74483886,28.00796028,12.90629626,59,0.002177845,17.15867491
90755,11521,1,0.0000868,4,3,1,1,1,40,0.003471921,147,173,0,79,0,27.92990658,37.14547478,39.72082554,29.67237226,37.7374818,37.73005903,35.52720484,29.08470938,26.93339725,40.2975474,34.66409641,42.43357326,37.99017726,41.84993464,4.836804113,38.82737564,5.333002352,41,0.003558719,27.95974912
90802,40434,3,0.00007419,7,9,2,2,1,541,0.013379829,152,149,329,96,36,28.44735896,39.32976992,42.18971173,32.25059781,39.8386744,39.82761737,36.07596955,31.51499217,29.1129143,42.59667733,36.50257933,43.60382114,40.37289321,43.98541072,1.370937076,39.41160454,1.959791391,539,0.013330366,28.44735896
90805,92402,24,0.00025973,16,2,0,0,0,70,0.000757559,126.5,143.5,0,97,273,22.60937791,29.83502269,32.41043113,22.39684603,30.53684892,30.53562393,30.00812524,21.7560919,19.77846292,32.9567247,27.85984348,36.10677135,30.65914325,34.55900553,11.53291585,33.23413755,12.43317415,77,0.000833315,22.73350857
90806,41664,3,0.000072,9,1,0,0,0,125,0.003000192,148,152,254,70.5,38,25.45919738,35.70343563,38.50082152,28.59467846,36.22832333,36.21783524,33.07511689,27.82335673,25.47905224,38.92683624,32.97106506,40.26744429,36.68720934,40.3745198,4.332553196,36.38490442,5.29663341,128,0.003072197,25.45919738
90807,33101,2,0.00006042,8,3,0,0,0,101,0.003051267,144,173,0,78,0,24.41577027,33.31068633,35.92139295,25.94165482,33.86839797,33.85971177,31.91092871,25.25821871,23.08706651,36.49356685,30.71527349,38.51471029,34.1630543,37.99707186,7.358654365,35.1985325,8.327453114,100,0.003021057,24.46864614
90808,39317,5,0.00012717,19,4,1,1,0,80,0.002034743,141,219,0,61.5,0,29.9900582,36.43212477,38.47624666,28.35065177,37.18508178,37.1843845,37.43456629,28.06874157,26.44785467,39.33494529,34.57122457,43.33714824,36.90007859,41.17040814,10.15037759,40.6468244,10.45261844,84,0.00213648,29.9900582
90810,35833,93,0.00259537,9,2,0,0,0,47,0.00131164,80,96.5,0,68,0,22.98399156,33.79625111,36.80652754,27.00097759,34.2620048,34.24980235,30.59320957,26.13716427,23.60296225,37.12191256,30.87098916,37.93678322,34.95594938,38.42017212,5.872310607,33.90572204,7.004740544,44,0.001227918,22.97293628
90813,51241,0,0,13,2,0,0,0,119,0.002322359,121,135.5,0,56.5,36,27.59333793,38.16456715,41.05765492,31.11486927,38.64899623,38.63729547,35.22054179,30.38456674,27.94669767,41.44586728,35.32317434,42.52045434,39.25518627,42.80404726,2.32779485,38.54023252,3.06354844,120,0.002341875,27.48247718
91001,35475,492,0.01386892,15,4,2,2,0,109,0.003072586,169,210.5,0,83.5,0,36.7873404,19.42064882,14.95947228,17.98785941,20.57639662,20.62410119,37.55241704,19.77188215,23.2341728,17.39513857,24.02378176,32.75509218,16.42460505,20.03940021,47.81303931,38.06775293,48.72898807,109,0.003072586,36.77845778
91006,31582,71,0.00224812,13,2,0,0,0,152,0.004812868,120.5,174,0,68,33,41.31636039,28.50077019,25.42923956,22.74136425,29.81552835,29.85554267,44.41098698,24.65581626,27.4673209,27.91615047,31.8692578,42.25096593,25.95580273,30.87831575,42.77358094,45.86002763,43.44336099,139,0.004401241,41.34371284
91007,33029,19,0.00057525,10,3,1,1,1,142,0.004299252,130,200,0,71,0,38.17230878,24.9588777,21.87732838,19.39047672,26.26713968,26.30849059,41.06459336,21.33027529,24.21059342,24.3762379,28.39987327,38.73680067,22.42406322,27.33258965,42.15745027,42.43541079,42.93456259,139,0.004208423,38.23819862
91010,27589,305,0.01105513,10,1,0,0,0,52,0.001884809,107,153,0,71,0,45.21411434,32.30492431,29.09382703,26.64891276,33.60858057,33.65044727,48.34303083,28.56572329,31.34061157,31.60718044,35.75443494,46.1101565,29.74242528,34.5493245,46.2816956,49.75203866,46.92294199,59,0.002138533,45.30643916
91011,19935,268,0.01344369,12,3,0,0,0,43,0.00215701,222.5,311.5,0,91.5,0,35.04562588,16.37364059,11.49893924,17.87014662,17.24840371,17.2952267,34.68163435,19.43613976,22.85509079,13.66380982,21.30521981,28.67753671,13.44004671,15.73784879,49.76715073,34.81940043,50.78088243,45,0.002257336,35.0899051
91016,41140,48,0.00116675,16,4,1,1,1,229,0.005566359,148.5,174,0,70,0,43.61065198,30.21575404,26.92307253,24.91718291,31.51459313,31.55853507,46.5855547,26.85156893,29.68647993,29.43441056,33.72375712,43.99375892,27.60069063,32.3783293,46.06697307,47.85138799,46.7666489,230,0.005590666,43.63201295
91020,7532,45,0.00597451,3,1,0,0,0,19,0.00252257,147,147,0,0,0,33.9807455,14.9096719,10.00827672,17.49628279,15.67729527,15.72326531,33.14262203,18.85219834,22.15246796,11.86931314,19.92218404,26.85671132,12.01851308,13.90682688,49.89563858,33.11151903,50.92506465,20,0.002655337,34.00868553
91030,26068,0,0,6,2,1,1,0,100,0.003836121,176,166,183,179,0,29.8510156,15.62436881,12.89611404,10.67240122,16.93346826,16.97404979,31.95221679,12.63504111,15.90844578,15.29058925,19.0505157,29.39247198,13.15215411,18.26298134,39.04119868,33.16932949,39.98593965,99,0.00379776,29.84876606
91040,20821,0,0,3,1,0,0,0,30,0.001440853,131,165,0,72,0,36.00104964,17.76234225,14.30887144,24.37307926,17.70941126,17.73717049,32.85092077,24.95850744,27.60398585,14.16175699,22.08336759,24.02094927,16.18673939,13.88902196,56.92767027,31.62235004,58.02557418,33,0.001584938,36.00271428
91042,26928,6,0.00022282,7,2,0,0,1,28,0.00103981,176,229.5,0,65,0,36.15552599,17.11723988,12.91057992,22.43134388,17.37004691,17.40655121,33.8050697,23.35964297,26.28492655,13.48047661,21.84338591,25.70669504,14.96499644,13.99348616,55.20666949,32.96846998,56.27493047,28,0.00103981,36.18927093
91101,21165,3,0.00014174,9,3,1,1,1,124,0.005858729,158,179,0,78,0,33.44718586,17.75776458,14.1140495,14.28457808,19.01286969,19.05726521,35.13825287,16.22967229,19.57784048,16.63832316,21.80006072,31.54418007,14.96320214,19.56012941,42.77072042,36.05152595,43.68389905,131,0.006189464,33.4155239
91103,25142,4,0.0001591,13,2,0,0,0,93,0.00369899,179.5,199,0,66.5,0,34.14537926,17.39406211,13.29939286,15.29020975,18.56742181,18.61274028,35.15784594,17.14725778,20.58975544,15.81227589,21.70830291,31.0156843,14.44212533,18.60265101,45.16787684,35.9233856,46.11169083,106,0.004216053,33.93141164
91105,12531,7,0.00055861,8,2,0,0,0,76,0.006064959,200,200,0,119,0,31.57987794,16.16779419,12.89718259,12.42834911,17.44825026,17.49200191,33.25563667,14.36984165,17.72812604,15.38153712,20.00748046,29.98989987,13.48115477,18.34743014,41.77244241,34.24706856,42.71298891,83,0.006623574,31.58024242
91106,23910,1,0.00004182,5,2,1,1,0,168,0.007026349,187,173,1414,74.5,0,34.6900045,19.12138784,15.43799565,15.50865322,20.38058047,20.42545879,36.45559321,17.46476916,20.77539833,17.96426331,23.16351446,32.91444275,16.31169127,20.85586645,43.20685665,37.41673366,44.10675643,169,0.007068172,34.66893458
91107,32316,211,0.00652927,21,3,0,0,0,247,0.007643273,155,196,0,87.5,0,36.60248711,22.24043402,18.61463621,17.45975695,23.50191739,23.54483198,38.90049904,19.42415573,22.59569323,21.13991168,25.93353955,36.03131252,19.52256644,23.96325628,43.58911069,40.10874132,44.43805525,267,0.008262161,36.48272583
91204,17857,0,0,4,1,0,0,0,163,0.009128073,165,167,0,100.5,0,25.07095591,7.099822697,3.290151789,8.499849829,8.302117873,8.349370634,25.21233801,9.630043755,12.89178083,5.722848611,11.65772882,20.69800401,4.208630777,8.677274014,41.29303853,25.71246719,42.36547439,159,0.008904071,25.10592567
91206,31961,0,0,6,4,1,1,1,92,0.002878508,145.5,147,0,70,414,27.4915271,9.137116631,4.519594275,10.81731348,10.16654358,10.21431113,27.46010885,12.11267699,15.37758872,6.990278015,13.93656925,22.32366493,6.085230935,9.77745983,43.50686963,27.79300852,44.56509483,92,0.002878508,27.61492145
91214,30817,106,0.00343966,14,3,1,1,0,54,0.00175228,217,264,0,77,0,35.43475508,16.21293249,11.50716491,19.79867606,16.84233595,16.88539651,34.07028112,21.0533244,24.24639148,12.8596571,21.2180432,27.13915015,13.59825762,14.3718971,52.38428658,33.77754749,53.42452148,60,0.001946977,35.41037965
91301,23879,168,0.00703547,11,3,1,1,0,100,0.00418778,285,364,0,83,0,39.50653128,40.74658217,43.41153038,48.50600306,39.43758002,39.40066427,31.96996827,47.13611376,46.33973629,40.91178238,38.63957496,27.78383745,42.94804734,37.97609251,66.9593742,28.7014793,68.03131171,96,0.004020269,39.03149018
91302,25569,181,0.00707888,13,5,1,1,1,140,0.00547538,237,263,0,102.5,0,30.57208778,29.71332624,32.31670824,37.89912406,28.41276006,28.37954735,22.97971181,36.72312791,36.28705487,29.82066195,28.24739272,17.72828653,31.82877676,26.86435172,58.61138067,19.75816639,59.74257146,144,0.00563182,30.44731405
91304,52474,1,0.00001906,10,2,1,1,0,118,0.002248733,121,190.5,0,75,0,36.23082352,29.63562019,30.82796741,38.4377297,28.46111126,28.44076505,28.97757712,37.64528607,37.91614451,28.56631228,29.55844472,20.56263283,31.01732651,25.67861114,63.99117928,25.75180121,65.14583931,117,0.002229676,36.2093949
91306,47176,0,0,11,1,0,0,0,108,0.0022893,121,175,0,85,0,33.31924261,25.87310307,27.160129,34.64650504,24.68583245,24.66400014,26.34066641,33.86616816,34.35230503,24.87397034,25.97933035,17.34143691,27.31338223,21.97610384,60.80263402,23.28118005,61.96236167,109,0.002310497,33.25864725
91311,40898,25,0.00061128,19,3,0,0,0,96,0.002347303,169,191,511,78,33,38.87589567,30.40836403,31.09740496,39.28572655,29.29182945,29.27453219,31.73634983,38.5865345,39.15510074,28.9598189,30.80027744,23.02881592,31.48343272,26.16503458,66.34574615,28.53250148,67.50700774,93,0.00227395,38.94521654
91321,31989,193,0.00603332,13,1,0,0,0,72,0.002250774,244.5,350,0,66,0,49.81350211,36.12936027,34.50806973,44.36900304,35.45467753,35.46025597,43.72753885,44.49933979,46.26794658,33.28308622,38.59380027,33.8771833,35.77997186,31.39317434,75.25902337,41.0598664,76.41178809,69,0.002156991,49.79564863
91324,30699,0,0,6,1,0,0,0,69,0.00224763,121,188,0,71,29,35.02297135,25.25921021,25.9969972,34.1319838,24.15156469,24.13530598,28.22901254,33.55005165,34.25701753,23.86476522,25.98298552,18.91023727,26.39235286,21.07272948,61.86905592,25.36551617,63.03118574,62,0.00201961,35.05011255
91326,38428,1,0.00002602,7,2,0,0,0,42,0.001092953,149,194.5,0,55,0,39.51007046,28.1364828,28.09198891,36.97165106,27.18514958,27.17921158,33.07302372,36.58730506,37.77042235,26.15925396,29.65935825,23.3814909,28.74994142,23.60117778,66.07583363,30.25147508,67.23649863,45,0.001171021,39.04870247
91331,97608,1,0.00001025,21,4,1,1,1,25,0.000256127,84,111,0,57.5,0,34.91285645,19.68729239,18.29839029,28.04597381,19.02959878,19.03710793,30.04634454,28.05749524,29.8399527,16.89405218,22.46135429,20.22533042,19.45351028,14.95285625,59.02348128,28.04940009,60.17342976,19,0.000194656,34.4775872
91335,74526,0,0,27,2,1,1,0,254,0.003408207,126,175,0,65,22,30.80929314,22.59834831,23.75257423,31.43922679,21.4442661,21.42547772,24.01689794,30.65955971,31.12405603,21.47887035,22.75525703,14.72325611,23.9106086,18.57260401,58.04437091,21.08489836,59.20564925,249,0.003341116,30.85054515
91340,33424,2,0.00005984,17,1,1,1,0,38,0.001136908,129.5,166,0,62,0,38.65491478,23.22398642,21.47965046,31.41661637,22.62381706,22.63180429,33.62915112,31.52087773,33.42688674,20.29178446,26.15686904,23.73000479,22.80678978,18.52452778,62.71695624,31.5124745,63.85966647,43,0.001286501,38.59239186
91342,93301,67,0.00071811,25,6,1,1,2,55,0.00058949,139.5,177,0,60,0,40.80678087,24.88303179,22.8091515,32.87680486,24.39320885,24.40750531,35.81785517,33.07221189,35.08050345,21.81987043,28.14996014,25.91943936,24.28542849,20.25692605,64.51171124,33.69992599,65.64558942,55,0.00058949,40.91821286
91344,52890,0,0,20,1,0,0,0,68,0.001285687,246,251,0,80.5,0,37.61407145,25.29444286,24.53156114,33.9761303,24.39963005,24.39511597,31.73023738,33.78083618,35.04441153,22.89757508,27.00525071,21.78183927,25.4961104,20.61235333,63.5413143,29.21435612,64.70049207,64,0.001210059,37.63740169
91350,43973,181,0.00411616,11,2,0,0,0,56,0.001273509,189.5,257,0,78.5,0,56.23826042,41.24115253,39.09200337,49.14086929,40.69395125,40.70456885,50.83876462,49.41743439,51.44762335,38.15503195,44.10599084,40.8578311,40.55145708,36.55925797,80.77269489,48.43710433,81.91422742,59,0.001341732,56.0873148
91352,46899,0,0,17,1,0,0,0,53,0.001130088,113,137,0,72,0,31.4491384,14.50914426,11.74334303,21.85326671,14.16897331,14.18860024,27.82533452,22.29078926,24.70171849,11.23755574,18.06038469,18.79086429,13.41672356,10.02885794,54.17040829,26.39740294,55.29728719,55,0.001172733,31.39198335
91354,33957,47,0.0013841,6,1,0,0,0,60,0.001766941,100,350,0,59,34,56.28608566,42.26573252,40.57864576,50.53551825,41.60434104,41.61139198,50.26204322,50.62784216,52.41671906,39.405467,44.90043271,40.37064846,41.91882507,37.5306106,81.58997169,47.59547376,82.73947322,58,0.001708043,56.16535055
91355,29123,356,0.01222402,14,4,2,2,0,68,0.002334924,180,203,0,75.5,0,53.29258592,39.77640195,38.2820901,48.15869618,39.07136613,39.07558462,47.21119352,48.18508734,49.88302043,37.00959182,42.19515686,37.33720075,39.55009948,35.03701142,78.88747018,44.50818052,80.04125763,67,0.002300587,53.27554734
91356,30942,0,0,10,1,0,0,0,160,0.005170965,333,400,0,58,0,27.96821983,21.32796484,23.41407827,29.95784669,20.07606112,20.04736769,21.21425161,29.00245594,29.19878084,20.96406689,20.8437029,12.00047419,23.13985597,17.99044395,55.46360646,18.31798948,56.6210772,172,0.005558787,28.07504083
91367,45889,3,0.00006538,15,3,1,1,0,291,0.006341389,180,199,0,70.5,50,31.71747005,27.2790081,29.28514187,35.75332374,26.00920825,25.98008131,24.39306511,34.69783607,34.54296815,26.85387578,26.31301162,16.44722413,29.10646744,23.88157537,59.6137027,21.1174118,60.7620359,302,0.006581098,31.71155325
91381,22582,105,0.00464972,5,1,0,0,0,37,0.001638473,338,827,0,69,0,52.44091218,40.05440274,38.96528441,48.6435555,39.2484163,39.24677607,46.0501958,48.52749632,49.97685926,37.5085755,42.05493607,36.33314273,40.08879669,35.33310556,78.63897374,43.2063375,79.79784168,43,0.001904171,52.44091218
91384,26478,205,0.00774228,7,7,2,2,4,37,0.001397387,119,227,0,95,0,62.13298154,49.98060868,48.76439067,58.48830628,49.21102487,49.21225696,55.64837777,58.43683616,59.90952457,47.33810782,52.00835413,46.00541754,49.90082531,45.24921764,88.49398675,52.72365995,89.65487472,36,0.001359619,62.20487128
91387,46869,239,0.00509932,5,3,0,0,0,79,0.001685549,162,253,0,81.5,43,53.40016726,37.14803133,34.32375246,44.44539349,36.81604309,36.83654404,48.32303564,44.86013693,47.30843331,33.78399475,40.64789705,38.37574061,35.95793601,32.6647836,76.75540032,46.08708317,77.86648275,79,0.001685549,53.40016726
91390,19308,50,0.0025896,2,6,0,0,3,43,0.002227056,150,174,0,62,0,62.42797594,45.11527715,42.11440865,51.96859922,44.53317594,44.54240633,58.58875483,52.60165586,55.01909213,41.70997637,48.40674638,48.85676927,43.84930178,40.45961875,84.1139444,56.67787821,85.26148262,51,0.002641392,61.69838255
91401,39231,24,0.00061176,14,4,1,1,1,207,0.00527644,245,270,0,90,0,25.81123835,12.95322743,13.75862786,21.83830221,11.94977045,11.93682757,20.88716983,21.35657369,22.4018987,11.54156339,14.30583523,11.34056569,14.01545177,8.689029633,50.87981273,19.14671208,52.03183072,210,0.00535291,25.81622754
91402,65754,0,0,15,2,1,1,0,50,0.00076041,85,115,0,52,0,32.1291308,18.17247645,17.59876533,26.88144896,17.37782419,17.37969108,26.98400214,26.65514939,28.17186474,15.82867415,20.45613915,17.11631456,18.43164909,13.49587541,57.15267746,24.94055164,58.30387645,58,0.000882076,32.02053889
91403,25793,0,0,4,1,0,0,0,192,0.00744388,241.5,302,0,84,0,23.77159433,13.4580631,15.19168744,22.22851183,12.26881543,12.24856776,18.36737264,21.45020034,22.04551113,12.7664925,13.71383512,8.457594984,15.04788452,9.807826435,49.77928447,16.23280047,50.94009095,193,0.00748265,23.80265239
91406,51953,1,0.00001925,17,3,0,0,0,166,0.003195196,135,176,0,53,0,29.55602376,19.18821633,20.03930436,28.0657815,18.0771342,18.06098864,23.52815524,27.42341839,28.22989011,17.86292162,19.9270038,13.63480793,20.3716713,15.04073686,55.95724174,21.02994458,57.11901918,172,0.003310685,29.54941443
91502,11652,1,0.00008582,4,3,1,1,1,47,0.004033642,218.5,201,0,449,0,27.8361897,8.675652294,4.681351375,14.74081636,9.024723596,9.064437812,26.05092104,15.35808875,18.06069276,5.059030734,13.4999201,18.96881116,6.608944441,6.203465938,47.33466637,25.62468706,48.43376534,34,0.002917954,27.93192134
91504,27010,1,0.00003702,7,2,0,0,0,69,0.002554609,168,175,0,105.5,0,29.24943459,10.60822672,7.732367337,17.77010215,10.58789325,10.62064217,26.79910369,18.1638679,20.60885383,7.095809582,15.00566166,18.84029317,9.266614921,7.004992328,49.98170412,25.99389518,51.0872752,68,0.002517586,29.261394
91505,31744,0,0,9,4,1,1,0,287,0.009041079,147,167,0,86,0,25.42008917,7.323547089,5.681626138,15.22107082,7.054791444,7.076691565,22.96201367,15.41559966,17.48103913,4.17343905,11.25284581,15.33018822,6.638342503,3.188114168,46.95410626,22.25227363,48.07897807,308,0.009702621,25.42815565
91601,36992,0,0,14,3,1,1,0,338,0.009137111,131,180,0,67.5,0,25.38925367,8.491091115,7.971155799,16.94469094,7.893144665,7.906115347,22.13979759,16.87797258,18.64411248,5.999871179,11.74236268,13.77950297,8.581894385,3.847941926,47.99704723,21.09368413,49.13246922,336,0.009083045,25.38925367
91604,32469,0,0,3,2,0,0,0,247,0.007607256,224,260,0,110,0,22.3318221,7.809497983,9.213255455,16.69023465,6.733782944,6.721342244,18.77095216,16.14594923,17.32964427,6.774690111,9.502154554,10.44824876,9.11480017,3.833867048,46.15432177,17.68446957,47.30987176,260,0.008007638,22.34810111
91605,49868,0,0,9,1,0,0,0,102,0.0020454,153,169,0,67.5,39,29.39534567,13.28453661,12.18543029,21.59125177,12.73852669,12.74741356,25.28684325,21.57735838,23.47333853,10.51643745,16.34612722,16.12272107,13.11817156,8.600431288,52.80463915,23.82159522,53.94709289,109,0.00218577,29.67060292
91702,60903,105,0.00172405,13,5,1,1,2,121,0.001986766,122,147,0,62,0,51.07287982,38.98394987,35.83239562,32.96114998,40.29161842,40.33308753,54.62849781,34.83058913,37.41041738,38.34500887,42.27174416,52.75432259,36.44803644,41.27821466,49.17199159,56.18329504,49.68637983,119,0.001953927,51.10562867
91706,71082,7,0.00009848,20,7,4,4,1,147,0.002068034,91.5,120.5,0,53.5,0,43.93653836,33.47636712,30.96001725,26.59713444,34.79331378,34.8310712,47.98027929,28.34918273,30.60774508,33.38845777,36.31131169,47.04577425,31.22256581,36.36320052,41.80357338,49.79922647,42.37482007,158,0.002222785,43.90314539
91711,37529,14,0.00037304,26,5,1,1,1,87,0.002318207,153.5,173,0,72,0,66.01458264,56.02210036,53.19573368,49.19746663,57.3388867,57.37799189,70.47339587,50.93453534,53.07291331,55.67995729,58.87298772,69.61897536,53.64984606,58.64749262,57.91495984,72.37058561,58.11932047,83,0.002211623,66.08643279
91722,35099,125,0.00356136,11,1,0,0,0,57,0.001623978,90,127,0,52.5,0,50.23329687,39.3769886,36.63995987,32.69110858,40.69395553,40.73290428,54.18922885,34.48031616,36.8365172,39.10570488,42.28289521,52.99275601,37.03222632,42.07894133,46.47283138,55.92988316,46.93122196,54,0.001538505,50.22485278
91723,17733,5,0.00028196,9,3,1,1,1,24,0.001353409,80.5,175,0,53,0,51.22240249,41.00086932,38.41120968,34.08261459,42.31797443,42.35591459,55.45725964,35.83751965,38.06679311,40.85683246,43.74827351,54.53038058,38.72962598,43.83250933,46.06280442,57.28035754,46.46708503,23,0.001297017,51.26171508
91724,28352,122,0.00430305,8,1,0,0,0,55,0.001939898,111.5,179,0,50,0,53.12269928,43.16882668,40.4003258,36.20482748,44.4856213,44.52471954,57.42850012,37.87428921,40.02966868,42.86246187,45.98335229,56.79132983,40.80843376,45.83376453,48.32648037,59.28945384,48.69789799,55,0.001939898,53.4934886
91731,27620,17,0.0006155,12,3,1,1,1,94,0.003403331,103,127,0,52,47,37.88305132,27.28259392,25.06726182,20.17545843,28.59617518,28.63243261,41.69194202,21.98592142,24.39018996,27.43065416,29.8231924,40.67196174,25.17524119,30.39264513,38.30287095,43.42220833,39.01458499,98,0.003548154,37.95512171
91732,57431,2,0.00003482,13,3,0,0,0,174,0.003029723,72,90,0,54,0,38.90425516,28.78914982,26.63639786,21.64249416,30.10130948,30.1374528,42.87091707,23.33208581,25.49028439,29.01000706,31.34774434,42.18101848,26.73015391,31.95021335,38.36119266,44.7308697,39.00563031,182,0.00316902,38.98719558
91733,41255,624,0.01512544,10,1,0,0,0,87,0.002108835,96,156.5,0,50.5,0,35.66929436,26.01633031,24.15409707,18.58005805,27.31818685,27.35190522,39.81189318,20.26932212,22.41522461,26.44559018,28.38632827,39.25103828,24.08326493,29.38148473,35.74708834,41.68369973,36.44366285,87,0.002108835,35.72486024
91740,26168,4,0.00015286,10,1,0,0,0,43,0.001643228,154.5,220,0,62,0,54.27702854,42.95222149,39.87154513,36.56712823,44.26296232,44.30393069,58.09925228,38.374955,40.78712721,42.37743074,46.09573819,56.69950723,40.4512609,45.32935655,50.34071179,59.81807645,50.77110965,42,0.001605014,54.40981375
91741,26071,6,0.00023014,12,5,2,2,1,83,0.003183614,182.5,214.5,0,53.5,0,55.37431665,43.46106439,40.15653641,37.39246769,44.76871257,44.81079743,59.05530113,39.26628789,41.79278928,42.67795866,46.7094949,57.22866245,40.86434908,45.60258123,52.13557548,60.5946096,52.57215849,84,0.003221971,55.4855341
91744,76942,730,0.00948767,28,2,1,1,0,118,0.001533623,112,127,0,64,0,45.18861616,36.90450183,35.10188409,29.17153834,38.19376091,38.22561137,49.89233936,30.76550204,32.56057621,37.3989914,39.03450515,49.95915897,35.02011992,40.33405428,38.8768765,51.98989833,39.21567849,123,0.001598607,45.12790875
91745,54351,600,0.01103936,18,3,0,0,0,350,0.006439624,71,150,0,51,25,41.67060777,35.66449947,34.35597117,27.36170153,36.92596363,36.95487045,46.93996941,28.69636092,29.95069083,36.51356674,37.18735497,48.11912991,34.06146808,39.3998207,34.0298571,49.28191647,34.46139264,344,0.00632923,41.62123895
91746,28387,253,0.00891253,14,1,0,0,0,39,0.001373868,75,126,0,54,0,40.91507912,31.98804473,29.88255443,24.41829462,33.29256597,33.32671558,45.39722196,26.05483913,28.00930489,32.23390436,34.25975818,45.16841987,29.95126673,35.19507473,37.44484021,47.38769279,37.96988525,45,0.001585233,40.31580622
91748,42463,1203,0.02833055,16,1,0,0,0,582,0.01370605,62,159,0,52,30,47.27818048,41.54689575,40.2412002,33.28181769,42.81370383,42.84298473,52.7781439,34.62596482,35.8664341,42.41538095,43.1124275,54.04292462,39.96257015,45.30144349,36.93429973,55.15471653,37.14278505,599,0.014106399,47.33052878
91750,32692,25,0.00076471,10,5,1,1,2,50,0.001529426,85,155,0,48,0,61.91851703,51.31532155,48.40568006,44.7678621,52.63115583,52.67076736,66.23408582,46.57133307,48.83525246,50.90641415,54.30084112,64.96899767,48.90989749,53.86244969,55.1051823,68.01174828,55.36227087,42,0.001284718,61.77600998
91754,32248,23,0.00071322,10,7,3,3,1,226,0.007008187,149,218,0,75,35,28.90483089,18.22358507,17.08065295,10.80609724,19.52129867,19.55439744,32.34526093,12.58155821,15.12252222,19.11375717,20.55169521,31.40497311,16.61253131,21.93691478,33.74661762,34.01721159,34.62108076,202,0.006263954,28.59600076
91765,44502,577,0.01296571,14,2,0,0,0,88,0.001977439,267,275,0,70,0,55.45387362,48.53005586,46.65774839,40.61193793,49.82490106,49.85706864,60.68171162,42.05496597,43.54982147,48.98619234,50.4883061,61.44033234,46.63976874,51.92772512,44.4235849,62.95338359,44.54379582,91,0.002044852,55.44396706
91766,69327,1,0.00001442,18,6,2,2,1,86,0.001240498,79,172.5,0,48.5,0,60.18982791,52.14591572,49.94016923,44.58465821,53.45467978,53.48962172,65.17435726,46.17857006,47.89743076,52.32970941,54.42956119,65.3450507,50.08103807,55.29858783,50.10164084,67.32837308,50.24672105,87,0.001254922,60.61630891
91767,49152,2,0.00004069,19,2,0,0,0,66,0.001342773,104.5,136,0,52,0,63.91499634,54.22422927,51.45256054,47.18997783,55.54046637,55.57884552,68.435907,48.91922421,51.03999083,53.91629646,56.89892538,67.72879316,51.86025455,56.88818888,55.16521919,70.33862904,55.36469492,53,0.001078288,64.11760101
91768,34200,1,0.00002924,13,4,1,1,0,25,0.000730994,167.5,197,0,46,0,61.25729768,51.88201831,49.27881572,44.78567269,53.19892854,53.23664164,65.88972047,46.47713283,48.5008851,51.73242993,54.54838474,65.37426396,49.61590641,54.70762853,52.87558146,67.86040883,53.08610335,27,0.000789474,60.57660711
91770,58382,1348,0.02308931,17,2,0,0,0,209,0.003579871,90,131,0,58,0,31.8728328,22.4006183,20.79246639,14.79354054,23.71255891,23.74831044,35.92440508,16.41930577,18.53130312,22.95611656,24.66221247,35.59759457,20.54417935,25.86536658,33.99205362,37.8067648,34.81623021,193,0.003305813,31.90360242
91773,33598,606,0.01803679,18,4,1,1,1,51,0.001517947,103,150,0,88,0,57.37842792,46.82435079,44.02073661,40.16040294,48.14044465,48.17995864,61.58025268,41.93284983,44.19185697,46.50600676,49.77358181,60.47472234,44.45299904,49.47295749,51.57786561,63.38254061,51.91301148,53,0.001577475,57.54087234
91775,23672,125,0.0052805,6,2,0,0,0,143,0.006040892,97.5,154,0,63,0,36.38574394,22.81886364,19.84905881,17.45317874,24.12868379,24.16978867,39.07778003,19.39934646,22.38495667,22.3314732,26.26868934,36.5888888,20.34639148,25.29426712,41.20961413,40.37195753,42.00624002,156,0.006590064,36.37797045
91776,36952,38,0.00102836,13,2,1,1,0,228,0.006170167,121,188,0,61,0,32.88292204,21.25731932,19.04956588,14.55824302,22.57188075,22.6083978,36.19884343,16.42900873,19.04809663,21.38053606,24.04943725,34.76692837,19.10226447,24.33736542,36.99005708,37.78915771,37.81796048,257,0.006954969,32.8634407
91780,35588,433,0.01216702,12,2,1,1,0,165,0.004636394,117,168,0,60,0,36.74955783,24.21396877,21.60647832,18.15054344,25.53122281,25.56965712,39.8089096,20.0494156,22.87262438,24.05379826,27.31498773,37.85627456,21.8840551,27.0291725,40.34203589,41.30011972,41.10105629,168,0.004720692,36.85780899
91789,40298,272,0.00674971,17,4,1,1,0,176,0.004367462,107,225,0,59,0,51.19897367,44.37243325,42.39170174,36.351531,45.66173748,45.69450203,56.44540194,37.82476793,39.38858407,44.7552923,46.21289588,57.15559092,42.46023584,47.7179829,41.20649099,58.75255999,41.41555515,177,0.004392278,51.2416197
91790,44710,0,0,14,4,1,1,1,95,0.002124804,105,177,0,52,0,46.55903821,36.82257893,34.39211022,29.64292094,38.13830172,38.17528085,50.90305613,31.35784353,33.50453932,36.80378048,39.39036613,50.2469905,34.62173731,39.77355608,42.44788704,52.77984806,42.90501204,87,0.001945873,46.62316323
91791,33028,1,0.00003028,14,2,0,0,0,90,0.002724961,115.5,194,0,84,0,49.12657447,39.96548927,37.67471464,32.52577112,41.27622378,41.31162818,53.51113057,34.16589177,36.12342341,40.05278869,42.35473883,53.24888129,37.80980341,43.02028474,44.02120663,55.49380332,44.4170006,97,0.002936902,49.21191011
91792,30629,6,0.00019589,4,1,0,0,0,73,0.002383362,154,196.5,0,62,25,48.87846851,40.93159617,39.06368048,33.20619521,42.2326252,42.26631314,53.80426458,34.76816743,36.50004032,41.35867743,43.08116292,54.01681549,39.01584002,44.31001585,40.17307577,55.92926543,40.45182569,68,0.002220118,48.89987722
91801,53381,0,0,13,5,1,1,1,458,0.008579832,139,178,0,65,46,30.74598753,18.39754393,16.18227396,12.07807829,19.71258459,19.7493134,33.72704448,13.97001505,16.78427041,18.50508587,21.33354446,31.93858493,16.24258523,21.47142793,37.09606489,35.19183987,37.98744944,452,0.008467432,30.76881542
91803,27715,0,0,10,1,0,0,0,277,0.009994588,136,169.5,0,64,0,28.83939286,17.36402698,15.80273395,10.4171132,18.67758965,18.71382128,32.04621107,12.2971714,14.94367172,17.9444335,19.99271085,30.75786613,15.48329078,20.81562807,35.16808096,33.66449992,36.06492853,272,0.00981418,28.76386002
93510,7786,55,0.00706396,5,2,0,0,1,20,0.002568713,137,136,0,159,0,61.23307224,42.24595236,37.86509253,46.19313767,42.5138546,42.54992019,58.47429436,47.56946518,50.85099402,38.63132309,46.97070091,49.82164671,39.94554707,38.99323822,78.0930807,57.39752578,79.07105797,20,0.002568713,61.23307224
93532,2930,17,0.00580205,1,4,0,0,2,16,0.005460751,175,175,0,0,0,81.73465948,64.95832658,61.75089242,71.7302214,64.70149878,64.72238352,76.65254926,72.4282468,75.00228076,61.49296661,68.71541518,66.68670098,63.5917289,60.56977255,104.3998369,74.33641971,105.5021132,11,0.003754266,81.69440661
93534,41430,762,0.01839247,22,4,2,2,0,76,0.00183442,89,99,0,51,0,86.95380243,67.88966498,63.41641607,71.83158942,68.18276932,68.21935608,83.96963353,73.17648249,76.42413321,64.27129026,72.65581298,74.81810165,65.51296238,64.65670679,103.7017466,82.58404474,104.6661061,72,0.001737871,87.09824293
93535,79409,768,0.00967145,28,2,0,0,0,124,0.001561536,62.5,147,0,34,0,87.35516523,68.14692695,63.55967389,71.46520743,68.54203381,68.5810975,84.84927946,72.92515036,76.23079442,64.57272912,73.01928687,75.93504461,65.6598376,65.22304761,102.7882369,83.5991177,103.7138556,117,0.001473385,87.45616709
93536,73412,437,0.00595271,19,8,0,0,3,247,0.003364573,74.5,136,0,42,20,83.3233879,64.39879195,60.04846997,68.77886825,64.62224731,64.65714672,80.03864936,70.05223137,73.2474623,60.76193168,69.07711077,70.76541485,62.13382448,61.00977807,101.1527839,78.55911833,102.1432323,261,0.003555277,83.50807421
93543,12275,151,0.01230143,4,1,0,0,0,8,0.000651731,59.5,59.5,0,0,0,79.90369769,60.95914921,56.05722754,61.8986522,61.69392245,61.73908842,79.06537455,63.64349145,67.10567347,57.75745059,65.97157057,71.59307995,58.04590709,59.23562696,90.56319721,78.63237114,91.37055026,9,0.000733198,79.87155906
93550,80645,1284,0.01592163,23,6,1,1,1,72,0.000892802,68,150,0,50,0,75.60124655,56.38667044,51.76103099,59.43624466,56.78751378,56.82661624,73.18281458,60.98260062,64.33529898,52.81922315,61.26483658,64.50601002,53.86091819,53.50105823,90.34362803,72.05986423,91.25608916,74,0.000917602,75.76794257
93551,54360,950,0.01747609,15,2,0,0,0,196,0.003605592,111,186.5,0,51,0,76.59794134,57.51683877,53.01660203,61.83603642,57.81243619,57.84919261,73.74140113,62.98402757,66.04015367,53.91268135,62.28566681,64.63460614,55.11538006,54.3359871,93.81753848,72.38979038,94.79553143,195,0.003587196,76.60791129
93553,1319,21,0.01592115,1,1,0,0,0,2,0.0015163,233,233,0,0,0,75.1660293,57.11490279,52.28811896,56.34000382,58.04823931,58.09546965,75.46776099,58.22047736,61.64102639,54.34206724,61.99040061,69.16959821,54.08408392,56.3207176,82.42470855,75.54642601,83.13939336,2,0.0015163,75.1660293
93591,7051,40,0.00567295,3,1,0,0,0,6,0.000850943,94,94,0,0,0,91.92961372,73.25304625,68.34928613,73.47488845,74.05974268,74.10582751,91.51376576,75.29512034,78.75321998,70.17770519,78.24105234,84.34789093,70.28172468,71.81439799,100.5443875,91.2352922,101.2736383,5,0.000709119,91.6740735
,,,,,,,,,,,,,,,,,,,,,,,,,,,,,,,,,0,#DIV/0!,
,,,,,,,,,,,,,,,,,,,,,,,,,,,,,,,,,0,#DIV/0!,
,,,,,,,,,,,,,,,,,,,,,,,,,,,,,,,,,0,#DIV/0!,
,,,,,,,,,,,,,,,,,,,,,,,,,,,,,,,,,0,#DIV/0!,
,,,,,,,,,,,,,,,,,,,,,,,,,,,,,,,,,0,#DIV/0!,
,,,,,,,,,,,,,,,,,,,,,,,,,,,,,,,,,0,#DIV/0!,
,,,,,,,,,,,,,,,,,,,,,,,,,,,,,,,,,0,#DIV/0!,
,,,,,,,,,,,,,,,,,,,,,,,,,,,,,,,,,0,#DIV/0!,
,,,,,,,,,,,,,,,,,,,,,,,,,,,,,,,,,0,#DIV/0!,
,,,,,,,,,,,,,,,,,,,,,,,,,,,,,,,,,0,#DIV/0!,
,,,,,,,,,,,,,,,,,,,,,,,,,,,,,,,,,0,#DIV/0!,
,,,,,,,,,,,,,,,,,,,,,,,,,,,,,,,,,0,#DIV/0!,
,,,,,,,,,,,,,,,,,,,,,,,,,,,,,,,,,0,#DIV/0!,
,,,,,,,,,,,,,,,,,,,,,,,,,,,,,,,,,0,#DIV/0!,
,,,,,,,,,,,,,,,,,,,,,,,,,,,,,,,,,0,#DIV/0!,
,,,,,,,,,,,,,,,,,,,,,,,,,,,,,,,,,0,#DIV/0!,
,,,,,,,,,,,,,,,,,,,,,,,,,,,,,,,,,0,#DIV/0!,
,,,,,,,,,,,,,,,,,,,,,,,,,,,,,,,,,0,#DIV/0!,
,,,,,,,,,,,,,,,,,,,,,,,,,,,,,,,,,0,#DIV/0!,
,,,,,,,,,,,,,,,,,,,,,,,,,,,,,,,,,0,#DIV/0!,
,,,,,,,,,,,,,,,,,,,,,,,,,,,,,,,,,0,#DIV/0!,
,,,,,,,,,,,,,,,,,,,,,,,,,,,,,,,,,0,#DIV/0!,
,,,,,,,,,,,,,,,,,,,,,,,,,,,,,,,,,0,#DIV/0!,
,,,,,,,,,,,,,,,,,,,,,,,,,,,,,,,,,0,#DIV/0!,
,,,,,,,,,,,,,,,,,,,,,,,,,,,,,,,,,0,#DIV/0!,
,,,,,,,,,,,,,,,,,,,,,,,,,,,,,,,,,0,#DIV/0!,
,,,,,,,,,,,,,,,,,,,,,,,,,,,,,,,,,0,#DIV/0!,
,,,,,,,,,,,,,,,,,,,,,,,,,,,,,,,,,0,#DIV/0!,
,,,,,,,,,,,,,,,,,,,,,,,,,,,,,,,,,0,#DIV/0!,
,,,,,,,,,,,,,,,,,,,,,,,,,,,,,,,,,0,#DIV/0!,
