ZIP_CODE,Median_Price_June,log_median_price_june,log_population,log_part_1_crime_count,crime_per_10k,crime_z,Count_Educational_Facility,education_facilities_z,Count_Public_Safety,public_safety_z,Count_Fire_Stations,Count_Police_Stations,Count_Corrective_Facility,external_amenities_index,avg_landmark_distance_z,centrality_index,LAX_Median_Distance_June_(KM),Hollywood_Walk_of_Fame_Median_Distance_June_(KM),Griffith_Park_Median_Distance_June_(KM),Walt_Disney_Concert_Hall_Median_Distance_June_(KM),TCL_Chinese_Theater_Median_Distance_June_(KM),Madame_Tussauds_Median_Distance_June_(KM),Venice_Beach_Median_Distance_June_(KM),Crypto_Arena_Median_Distance_June_(KM),California_Science_Center_Median_Distance_June_(KM),Hollywood_Sign_Median_Distance_June_(KM),La_Brea_Median_Distance_June_(KM),Getty_Center_Median_Distance_June_(KM),Griffith_Observatory_Median_Distance_June_(KM),Universal_Studios_Hollywood_Median_Distance_June_(KM),Aquarium_of_the_Pacific_Median_Distance_June_(KM),Santa_Monica_Pier_Median_Distance_June_(KM),Queen_Mary_Median_Distance_June_(KM),pred_log_price_ols,pred_price_ols
90002,84.0,4.430816798843313,10.861361589060426,5.2832037287379885,37.6041,-0.15930079251825793,14.0,0.1853983244541566,1.0,-0.9553739934951502,0.0,0.0,0.0,-0.6131944418258501,-0.6039993274444863,0.6039993274444863,14.69666784,18.67694189,21.57022072,11.98099014,19.2509623,19.24357487,20.9404179,10.97300961,8.453793863,21.91607689,16.3080302,25.29520034,19.71778309,23.36805272,21.0972591,23.79462849,22.20733554,4.464221503166357,86.85338812620803
90003,80.0,4.382026634673881,11.157192933963753,2.1972245773362196,1.1418,-0.5612470593847789,24.0,1.617717509767857,3.0,0.190004351647495,1.0,1.0,1.0,0.7237677273808423,-0.6694214590126734,0.6694214590126734,12.44438448,17.66126732,21.06888141,11.96571589,18.06417475,18.05045156,18.54116014,10.63684538,7.655630725,21.10032841,14.71098608,23.01308006,19.10797138,22.22891367,22.07685623,21.24539372,23.21980506,4.431268494829229,84.03795103333637
90004,134.0,4.897839799950911,10.976525590084808,1.0986122886681096,0.34199999999999997,-0.5700637446799974,22.0,1.331253672705117,1.0,-0.9553739934951502,0.0,0.0,0.0,-0.32673060476311,-1.045786098890986,1.045786098890986,17.71090118,3.360379846,6.821873688,5.964371953,4.194919708,4.210096125,18.13405141,5.309938309,7.205132565,6.54240144,4.779268237,15.34278359,4.753543601,7.98672576,36.56202591,19.01331306,37.69181779,4.741713370922067,114.63043797858462
90005,115.0,4.74493212836325,10.57497688594327,1.0986122886681096,0.511,-0.5682007541637535,13.0,0.04216640592278654,1.0,-0.9553739934951502,0.0,0.0,0.0,-0.6490024214586926,-1.028685421568294,1.028685421568294,16.61405274,5.293927275,8.675265637,4.792500058,5.99918704,5.999111173,17.75347965,3.624207774,5.047795777,8.595033524,5.119854432,16.063875,6.676884712,10.01159174,34.46552054,18.94255074,35.58518838,4.6235565681061,101.85564523682346
90006,90.0,4.499809670330265,10.92464267701942,0.6931471805599453,0.18009999999999998,-0.5718484675473341,13.0,0.04216640592278654,2.0,-0.38268482092382755,1.0,1.0,0.0,0.18670765827674396,-1.010536321362842,1.010536321362842,15.94546198,6.713992953,9.738591992,4.139367792,7.366763713,7.362762097,17.71988926,2.68216072,3.803025459,9.847863796,5.849700492,16.78537266,7.784635584,11.37461667,33.17623808,19.14466416,34.30139191,4.587422944775369,98.24093135660577
90007,55.0,4.007333185232471,10.564008230268978,1.791759469228055,1.2914999999999999,-0.5595968245902126,22.0,1.331253672705117,1.0,-0.9553739934951502,0.0,0.0,0.0,-0.32673060476311,-0.9730094560418807,0.9730094560418807,14.71395023,8.843272102,11.97798478,4.63490035,9.439801414,9.436785823,17.19913644,2.676490456,1.818767019,12.07808429,7.256236265,17.67692708,9.988220287,13.4944322,30.94073301,18.92534263,32.06175278,4.651595793352431,104.75201483850898
90011,56.0,4.02535169073515,11.514064815663655,1.791759469228055,0.4994,-0.5683286280690104,38.0,3.622964369207038,3.0,0.190004351647495,1.0,1.0,0.0,1.2250794422406375,-0.8539106909883921,0.8539106909883921,16.1050159,11.95172052,14.08419398,4.200383584,12.82882162,12.8351742,19.72982846,3.540550298,2.637441381,14.77992914,10.93314005,21.04616241,12.38774592,16.68738702,28.66158108,21.69042571,29.74279169,4.181629579553029,65.47245890951335
90012,145.0,4.976733742420574,10.52774007107213,5.501258210544727,65.3525,0.1465868171914689,8.0,-0.6739931867340637,8.0,3.053450214504108,1.0,1.0,5.0,0.8667015189695153,-0.8834852482668525,0.8834852482668525,19.87238928,9.05583059,9.871478518,1.053493781,10.2419932,10.26250312,22.37737524,2.84717977,5.866060437,11.12833849,10.36901067,21.32084178,8.577137709,13.42644609,33.2325189,23.88415181,34.30117102,4.79428779597675,120.81830385208274
90015,186.5,5.2284312390838705,10.11476093127985,3.1354942159291497,8.9054,-0.47566414120778727,15.0,0.3286302429855267,4.0,0.7626935242188175,3.0,3.0,0.0,1.9297437770133024,-0.9353073645883728,0.9353073645883728,17.55315196,8.872884657,10.97411096,1.688774203,9.806508823,9.816012584,20.19611052,0.796680084,3.70501048,11.60616479,9.000249642,19.90357995,9.223897552,13.55972444,31.68973596,21.8740564,32.78474574,4.9386692466672315,139.58437353957666
90016,125.0,4.8283137373023015,10.746303957614778,0.0,0.0,-0.573833820162574,11.0,-0.24429743113995359,1.0,-0.9553739934951502,0.0,0.0,0.0,-0.7206183807243776,-1.0056050881887222,1.0056050881887222,11.3267993,8.111453669,12.79920107,9.990414255,7.923246949,7.894509572,11.83784915,8.194224594,6.648485845,11.71526919,3.60072075,12.08339919,10.74654985,11.76301235,33.46645297,13.2948598,34.62245771,4.658693631146534,105.49817256913573
90017,165.0,5.10594547390058,10.314702763735975,0.6931471805599453,0.3314,-0.5701805949727322,16.0,0.4718621615168967,1.0,-0.9553739934951502,1.0,1.0,0.0,0.15095930403244084,-0.9460817271893396,0.9460817271893396,18.22772279,8.095670648,9.833560629,1.204586716,9.129738039,9.144434104,20.55110955,1.118609125,4.549939471,10.62205493,8.731750522,19.68407449,8.168233292,12.71536248,32.87650129,22.0706512,33.96551696,4.715825003684316,111.70092684678855
90018,50.0,3.912023005428146,10.794378421777552,0.0,0.0,-0.573833820162574,16.0,0.4718621615168967,2.0,-0.38268482092382755,0.0,0.0,0.0,-0.3984061894173344,-0.9844685631160548,0.9844685631160548,13.11120072,8.752093473,12.53383888,6.193334542,9.144775326,9.132657288,15.68882357,4.226315202,2.164362796,12.25613901,6.287810559,16.51457958,10.47516483,13.30564022,30.98500508,17.55089321,32.12287444,4.445548478850842,85.24662098605312
90019,116.5,4.757891273005756,10.994554782031198,0.6931471805599453,0.1679,-0.5719829556201044,15.0,0.3286302429855267,2.0,-0.38268482092382755,1.0,1.0,1.0,0.258323617542429,-1.0401362766652729,1.0401362766652729,13.40484505,6.169682859,10.75756356,8.73928148,6.024610548,5.993483737,13.55381046,7.066610956,6.495051791,9.703354173,2.365380827,12.4860986,8.685561591,10.00428616,34.69043104,14.71034756,35.84065376,4.645102947102597,104.07407935886562
90021,127.5,4.848116364598481,7.971776122880628,1.9459101490553132,20.711100000000002,-0.3455226788549986,8.0,-0.6739931867340637,1.0,-0.9553739934951502,0.0,0.0,0.0,-0.8280423196229052,-0.8108694226766433,0.8108694226766433,19.38967776,11.53039289,12.63912521,2.660898583,12.5993842,12.61537526,22.75784844,3.534095385,5.481816172,13.78603251,12.04232481,22.95497765,11.22967982,16.07523186,30.62876968,24.68914196,31.68372647,5.166907986976806,175.37174657036752
90022,66.0,4.189654742026425,11.007816801533467,7.236339342754344,230.01839999999999,1.9617998944031605,25.0,1.7609494282992273,3.0,0.190004351647495,1.0,1.0,0.0,0.7595757070136848,-0.5418261394424786,0.5418261394424786,23.99523821,16.32247263,16.38335371,7.597650673,17.4986911,17.52091203,28.11940341,8.862924947,10.71947398,18.01178207,17.35346292,28.28466306,15.40860344,20.59532687,29.78807722,30.06282048,30.74118581,4.205077612845869,67.02579952748447
90023,50.0,3.912023005428146,10.688712421296982,4.955827057601261,32.1499,-0.21942577993658807,19.0,0.9015579171110069,2.0,-0.38268482092382755,0.0,0.0,0.0,-0.2909822505188069,-0.6266847107632276,0.6266847107632276,21.95631269,15.1050972,15.60169083,6.244868861,16.23381712,16.25300978,26.1004083,7.310058168,8.734552098,17.05057907,15.81895631,26.71723367,14.45112136,19.51631725,29.44471194,28.15771689,30.42112692,4.516165313067724,91.4841115615685
90024,135.0,4.90527477843843,10.852748736080192,0.6931471805599453,0.1935,-0.5717007511395372,7.0,-0.8172251052654338,2.0,-0.38268482092382755,0.0,0.0,0.0,-0.720678006112917,-0.8528241375120075,0.8528241375120075,13.38185326,11.49867636,15.99294223,17.48435344,10.33805748,10.2904217,8.53474618,15.95531735,14.92401027,13.76898522,7.703747443,3.86981132,14.4882553,11.83011592,39.9870116,7.619165689,41.14790222,5.204597543330159,182.10756761348134
90025,137.0,4.919980925828125,10.747401121234471,1.3862943611198906,0.6451,-0.5667224877245326,11.0,-0.24429743113995359,1.0,-0.9553739934951502,1.0,1.0,0.0,-0.02808059413177172,-0.8114480597850354,0.8114480597850354,12.08765613,13.25217445,17.87865105,18.61811646,12.14575087,12.09806337,6.670364993,16.94143209,15.54601657,15.71707124,9.133336371,4.57122652,16.2765106,13.83785075,39.12286572,5.61264511,40.28103345,5.185479317170206,178.65906362690475
90026,154.0,5.0369526024136295,11.046005077645276,0.0,0.0,-0.573833820162574,22.0,1.331253672705117,1.0,-0.9553739934951502,0.0,0.0,0.0,-0.32673060476311,-0.9434515170258493,0.9434515170258493,20.32920577,6.141605301,6.723038497,3.678482809,7.365934952,7.397016316,21.57423601,4.46573729,7.576512579,7.981941152,8.576745046,19.15514018,5.424027029,10.32025626,36.25909943,22.63319438,37.33462234,4.7708345092516815,118.0176877302777
90027,156.5,5.0530560099802075,10.748475604511441,1.0986122886681096,0.42960000000000004,-0.5690980762230567,9.0,-0.5307612682026936,1.0,-0.9553739934951502,0.0,0.0,0.0,-0.7922343399900627,-0.9812213273830506,0.9812213273830506,21.12212635,3.741796674,3.843437717,6.872601716,5.004047588,5.041911258,21.38907438,7.180988169,9.774885644,4.538416936,7.849893948,17.48714467,2.249827306,6.991275416,39.03152022,22.01504001,40.13499443,5.225564670510707,185.96615048478955
90028,169.0,5.1298987149230735,10.400741496272024,1.0986122886681096,0.6082,-0.5671292590266002,16.0,0.4718621615168967,4.0,0.7626935242188175,1.0,1.0,1.0,0.5804761834609328,-1.0628621235235989,1.0628621235235989,19.03871171,0.989987773,5.341601442,9.323018771,0.841549197,0.841642492,17.90669947,8.810345809,10.27872301,3.899171684,4.735236392,13.15817077,3.626711484,4.72991587,39.66948757,18.15144749,40.80092866,5.484808718443272,241.00284019031645
90029,122.0,4.804021044733257,10.413432788874811,2.3978952727983707,3.0027,-0.5407332188423033,7.0,-0.8172251052654338,1.0,-0.9553739934951502,0.0,0.0,0.0,-0.8638502992557477,-1.0111737918736754,1.0111737918736754,19.71375115,3.460870073,5.185356295,5.708099574,4.749180893,4.782937681,20.08553305,5.796310942,8.353055133,5.638135026,6.63536002,16.88629539,3.351529699,7.743809794,37.65048816,20.88750068,38.76190283,5.018645912595069,151.20641840229098
90031,102.0,4.624972813284271,10.494823466949388,0.0,0.0,-0.573833820162574,18.0,0.7583259985796368,1.0,-0.9553739934951502,0.0,0.0,0.0,-0.4699625232944801,-0.7212669146922718,0.7212669146922718,23.92033243,11.23797753,10.19511223,4.788165301,12.54106907,12.57412188,26.24536592,6.753410239,9.959158128,12.08699491,13.69552159,24.48183784,9.573938208,14.89539046,35.31294683,27.60607711,36.31896203,4.678484992239113,107.60692369217819
90032,106.0,4.663439094112067,10.671695822317952,1.9459101490553132,1.3916,-0.558493360976745,15.0,0.3286302429855267,3.0,0.190004351647495,1.0,1.0,0.0,0.4014959106852596,-0.5776755306966513,0.5776755306966513,26.10082065,14.05266086,12.48584844,7.065273437,15.36215445,15.39738989,28.70432084,9.018965812,12.10128904,14.61521013,16.51764272,27.26590985,12.21651985,17.51215576,35.76836481,30.16556032,36.7421644,4.755598800414255,116.233232838125
90033,89.0,4.48863636973214,10.728715073453282,3.8918202981106265,10.515500000000001,-0.4579150226858678,21.0,1.188021754173747,4.0,0.7626935242188175,2.0,2.0,1.0,1.4520538682177513,-0.7366592368129444,0.7366592368129444,21.67486113,12.26507595,12.54845769,3.697239767,13.4466442,13.46947031,24.93146951,5.239581631,7.743412118,14.06537728,13.55380194,24.50403414,11.46361282,16.5641855,31.87694466,26.67293554,32.90634459,4.709023128816348,110.94372922083346
90034,115.0,4.74493212836325,10.952138992050466,1.0986122886681096,0.35040000000000004,-0.5699711463348113,14.0,0.1853983244541566,1.0,-0.9553739934951502,0.0,0.0,0.0,-0.6131944418258501,-0.9414374789090593,0.9414374789090593,9.61466842,10.43676558,15.34302139,13.90164069,9.726054425,9.682428235,8.167945042,12.11497936,10.40293114,13.71281712,5.474227019,8.924641192,13.42023646,12.91042328,35.05380398,9.355146848,36.21461319,4.942473057351975,140.11633717413434
90035,140.0,4.941642422609304,10.275085591132715,0.6931471805599453,0.3448,-0.5700328785649355,16.0,0.4718621615168967,1.0,-0.9553739934951502,0.0,0.0,0.0,-0.541578482560165,-1.0055348102875805,1.0055348102875805,12.6779962,7.170727682,12.07042339,12.16425019,6.418056643,6.3748895,11.27816664,10.60979021,9.810077038,10.38628484,2.511626658,8.912880134,10.17940135,9.70392848,36.91753291,11.83100461,38.07804521,5.120966268168676,167.49713860578623
90036,184.0,5.214935757608986,10.578445303895863,0.0,0.0,-0.573833820162574,13.0,0.04216640592278654,1.0,-0.9553739934951502,0.0,0.0,0.0,-0.6490024214586926,-1.059880779224243,1.059880779224243,15.0697006,4.241841609,9.088483596,9.498270176,3.807602054,3.778263361,14.45425101,8.254881825,8.474369488,7.736087091,1.185958778,11.42047747,7.12744593,7.69715654,37.03585154,15.0497352,38.18454813,5.018653795542136,151.20761035918144
90037,73.0,4.290459441148391,11.089545845951761,0.6931471805599453,0.1527,-0.5721505145304411,15.0,0.3286302429855267,1.0,-0.9553739934951502,0.0,0.0,0.0,-0.5773864621930076,-0.9134027208208926,0.9134027208208926,13.09558102,11.09657344,14.43446755,6.569154527,11.64784093,11.64015461,16.71246292,4.673987678,1.364946516,14.45303069,8.935662855,18.72400386,12.45783352,15.7705756,28.58342788,18.89247266,29.70945915,4.218479959374932,67.93014918610885
90038,160.0,5.075173815233827,10.208321683805474,2.70805020110221,5.1609,-0.5169420582969915,8.0,-0.6739931867340637,1.0,-0.9553739934951502,0.0,0.0,0.0,-0.8280423196229052,-1.0686945352550081,1.0686945352550081,17.91267874,1.749274925,6.292464043,8.653892695,1.751072556,1.745611597,17.14674045,7.931477458,9.228164631,5.060476975,3.720564999,13.07549786,4.328997855,5.801372196,38.53941352,17.54628488,39.67542638,5.276674045891809,195.71784307392716
90040,39.0,3.6635616461296463,9.344084242025778,6.78897174299217,776.028,7.980798158179237,3.0,-1.390152779390914,5.0,1.33538269679014,0.0,0.0,1.0,-0.4343930452157952,-0.5191784835574018,0.5191784835574018,22.86636891,17.53423432,18.18342796,8.643737353,18.63333208,18.65060583,27.53394779,9.486329694,10.36939168,19.59335443,17.9434789,28.7411828,16.99886901,22.00828274,27.29158979,29.7484421,28.24555587,4.165004911521628,64.39299871029155
90041,148.0,4.997212273764115,10.23713437285382,0.0,0.0,-0.573833820162574,9.0,-0.5307612682026936,2.0,-0.38268482092382755,0.0,0.0,0.0,-0.649062046847232,-0.6056057077608027,0.6056057077608027,28.46193596,11.42248472,7.69464562,10.0353715,12.64380474,12.68986727,29.25769973,11.77612864,15.23609202,10.20659891,15.72179355,25.16469356,8.564013488,13.13823085,41.6185151,29.90719508,42.62119693,5.006397374678812,149.36565718365023
90043,125.5,4.832305758571839,10.654384638636976,5.4116460518550396,52.6229,0.0062606392294624995,23.0,1.4744855912364871,1.0,-0.9553739934951502,0.0,0.0,0.0,-0.29092262513026745,-0.8953501193460668,0.8953501193460668,8.56766812,12.49039943,16.77971164,10.74244607,12.46976919,12.44196123,12.53837074,8.795127552,5.602429525,16.12368863,8.343099207,15.8449911,14.69102246,16.51137204,28.72168268,14.92754021,29.88111267,4.745737137536793,115.09261332724499
90044,94.0,4.543294782270004,11.459851639008296,6.616065185132817,78.6671,0.2933618084789352,26.0,1.9041813468305973,1.0,-0.9553739934951502,0.0,0.0,0.0,-0.18349868623173993,-0.7017026526369587,0.7017026526369587,11.09914717,17.16189329,20.69473218,11.99082379,17.5095433,17.49361453,17.29104005,10.49550285,7.296007711,20.63698898,14.03291024,22.13938631,18.69960221,21.67533072,22.68501634,20.17568882,23.83312017,4.432661342330302,84.15508463911667
90045,164.0,5.099866427824199,10.64034056535614,3.7376696182833684,9.811900000000001,-0.4656712364564551,19.0,0.9015579171110069,5.0,1.33538269679014,1.0,1.0,0.0,0.8310724155022909,-0.7682017044511983,0.7682017044511983,2.769200019,16.8513671,21.59999385,16.85542087,16.45280167,16.41725646,8.308632646,14.88880809,11.73141372,20.40695363,11.99667822,15.02213891,19.52931127,20.12446426,28.57643872,11.40123902,29.73035016,5.239900801051682,188.65138745819522
90046,204.0,5.318119993844216,10.785124725910403,5.891644211825771,74.7474,0.25015255447584966,10.0,-0.38752934967132363,3.0,0.190004351647495,0.0,0.0,0.0,-0.4700817740715589,-1.0508005583986006,1.0508005583986006,17.74018431,2.660579617,7.121565061,10.56645516,1.552502788,1.507989345,16.25006515,9.810516524,10.74693976,5.280289647,3.464523768,11.3633345,5.545312597,4.93117785,39.69432563,16.35599052,40.84138851,5.549548920818907,257.1215475661509
90047,142.0,4.955827057601261,10.839090595442656,5.631211781821365,54.537600000000005,0.02736755012562999,25.0,1.7609494282992273,2.0,-0.38268482092382755,0.0,0.0,0.0,-0.07613437272175178,-0.7217392478730678,0.7217392478730678,9.560499065,17.03953162,20.83927381,12.56061573,17.26614503,17.24638286,15.62743535,10.93116125,7.599655617,20.60113438,13.48729092,20.92096614,18.80206409,21.4155433,23.36663963,18.49572479,24.52493298,4.674327196020297,107.1604448589345
90056,192.0,5.2574953720277815,9.052984561199976,5.204006687076795,211.8694,1.7617323507385951,1.0,-1.6766166164536542,1.0,-0.9553739934951502,0.0,0.0,0.0,-1.0786981770528028,-0.8753519548943818,0.8753519548943818,6.057820213,13.46601872,18.14317034,13.47649599,13.21964846,13.18771665,9.307255388,11.50626744,8.604280881,17.08507312,8.844380615,14.05586566,16.05862259,17.08963164,29.54949233,11.91382516,30.71156232,5.2454141305053525,189.6943571850909
90057,97.5,4.579852378003801,10.749999389802367,0.6931471805599453,0.2145,-0.571469255276572,9.0,-0.5307612682026936,2.0,-0.38268482092382755,1.0,1.0,0.0,0.04347573974537389,-0.9895972869155525,0.9895972869155525,18.15214096,6.169942089,8.395278673,3.027519383,7.139084825,7.152492767,19.70002052,2.327056386,5.282821504,8.978893451,7.129835296,18.04727575,6.585036368,10.87185866,34.27088931,20.94295736,35.36791763,4.772192973530331,118.17811948904269
90058,182.5,5.206750173022546,8.184792654165078,2.3978952727983707,27.894000000000002,-0.2663411724696216,2.0,-1.533384697922284,4.0,0.7626935242188175,1.0,1.0,1.0,0.07916446860113757,-0.7767222872665395,0.7767222872665395,17.75061409,13.17353619,15.02197049,4.902049095,14.0833566,14.09088368,21.9797147,4.68988102,4.756156116,15.84302354,12.62667318,23.25892158,13.39207848,17.87785916,28.02995566,24.14562327,29.09440647,5.168086287534173,175.5785089873111
90059,81.0,4.394449154672439,10.532416160769422,5.908082938168931,97.83800000000001,0.5046943817798896,17.0,0.6150940800482668,1.0,-0.9553739934951502,0.0,0.0,0.0,-0.5057705029273225,-0.5067021182598119,0.5067021182598119,14.56178987,21.1756061,24.27609142,14.71520578,21.66285894,21.651967,21.42797767,13.65568602,10.98469841,24.50874858,18.48832417,27.03768773,22.38304943,25.81357137,18.49431135,24.48672408,19.62260596,4.563622043990566,95.93031514598458
90061,196.0,5.278114659230517,10.31068449348905,5.198497031265826,59.898199999999996,0.08646072741188651,12.0,-0.10106551260858351,2.0,-0.38268482092382755,1.0,1.0,0.0,0.15089967864390144,-0.548353729065834,0.548353729065834,13.15189957,20.48493748,23.9589566,14.93183025,20.84016685,20.82451988,19.87471507,13.5910766,10.53827425,23.9495055,17.3568335,25.18094067,21.98346459,25.00676791,19.37254223,22.89867605,20.51983712,4.734177263628318,113.76981763556152
90062,110.0,4.700480365792417,10.395619533854864,0.0,0.0,-0.573833820162574,7.0,-0.8172251052654338,2.0,-0.38268482092382755,1.0,1.0,1.0,-0.02814021952031115,-0.9312333612706915,0.9312333612706915,11.66501241,10.86167498,14.62202089,7.674388606,11.22012138,11.20384456,15.0499317,5.770638044,2.57508115,14.37633984,7.884726117,17.2763594,12.57240485,15.38604343,28.96269805,17.23992308,30.10749602,4.429174804934174,83.86218568772689
90063,147.0,4.990432586778736,10.787213769536883,5.717027701406222,62.6072,0.11632369373440062,21.0,1.188021754173747,3.0,0.190004351647495,0.0,0.0,1.0,-0.0761939981102912,-0.6137088571507712,0.6137088571507712,23.88710202,14.49559766,14.07225799,6.057684692,15.72205973,15.74892581,27.23172013,7.640225068,10.06992838,15.84453914,15.90504497,26.8563097,13.26476319,18.54289194,32.30135659,29.00669889,33.28260051,4.71306914788552,111.39351898023966
90064,140.0,4.941642422609304,10.190281730926614,0.0,0.0,-0.573833820162574,14.0,0.1853983244541566,3.0,0.190004351647495,0.0,0.0,0.0,-0.3268498555401888,-0.8655180455815558,0.8655180455815558,10.35517348,12.31349542,17.11387616,16.98510737,11.34253607,11.29539345,6.251014706,15.29219027,13.70511861,15.14548734,7.773092932,6.18153728,15.36689392,13.67985464,37.42531123,6.511710458,38.58302083,5.327745711430943,205.97312753701388
90065,142.0,4.955827057601261,10.706811133741756,0.0,0.0,-0.573833820162574,18.0,0.7583259985796368,3.0,0.190004351647495,1.0,1.0,0.0,0.5089198495837871,-0.7478182808787356,0.7478182808787356,25.07076413,9.423726341,6.981792832,6.630956015,10.73579196,10.77319443,26.38754424,8.389625606,11.83768285,9.204177195,13.13079519,23.12741774,7.044956831,12.15470029,38.71717918,27.36272402,39.74978526,4.852023403124068,127.99912182118226
90066,162.0,5.087596335232384,10.946252332458506,2.1972245773362196,1.4099,-0.5582916288675897,21.0,1.188021754173747,4.0,0.7626935242188175,2.0,2.0,1.0,1.4520538682177513,-0.8121343743059652,0.8121343743059652,6.540769929,15.04667656,19.93965809,17.67197092,14.26419245,14.21882067,4.229249304,15.77035303,13.4279062,18.20151447,10.09874331,9.73119153,18.05253206,17.13000519,34.13481384,6.428426501,35.28687052,5.225567160234458,185.9666134897078
90068,234.5,5.457455587886334,9.979197811770604,0.6931471805599453,0.4636,-0.5687232733973036,2.0,-1.533384697922284,1.0,-0.9553739934951502,0.0,0.0,0.0,-1.0428901974199603,-1.022405902567694,1.022405902567694,20.57456746,1.648177571,4.462909212,10.14170708,2.177603894,2.214150891,19.1393315,9.766078916,11.5671693,2.780275646,6.316787827,13.60882667,3.317276931,3.56876227,41.00368119,19.17602141,42.13227385,5.053167450417689,156.5174414002864
90069,456.0,6.1224928095143865,9.950466553730122,6.842683282238422,446.54359999999997,4.348689800484972,2.0,-1.533384697922284,2.0,-0.38268482092382755,1.0,1.0,0.0,-0.2071801176845237,-1.0029865755005636,1.0029865755005636,16.70357685,4.984942556,9.222871867,12.59438376,3.743515479,3.697075894,14.30524944,11.61181626,12.08057992,7.089576312,3.875427308,8.918659512,7.801942017,5.794221943,40.38968624,14.23089651,41.54257682,5.415134674282019,224.78281610461508
90201,108.0,4.68213122712422,11.4378139124751,5.484796933490655,25.872400000000003,-0.2886265075444073,25.0,1.7609494282992273,5.0,1.33538269679014,2.0,2.0,1.0,1.738458079891952,-0.4467751567768458,0.4467751567768458,21.8977579,20.07841451,21.53330231,11.48249301,21.00643453,21.01648729,27.4158863,11.59089293,11.17367419,22.62731986,19.39350974,29.81118883,20.09979365,24.76247676,23.22743194,29.90108711,24.17470612,4.574947718256233,97.02296647445795
90210,745.5,6.6140551342047935,9.85245738142335,0.6931471805599453,0.5262,-0.5680331952534168,4.0,-1.246920860859544,6.0,1.9080718693614627,1.0,1.0,1.0,0.4371250141524839,-0.9437423932808255,0.9437423932808255,15.8474149,7.258513401,11.64981811,14.49645567,5.986558067,5.948040105,12.47010556,13.39826685,13.34125333,9.499591395,5.145143779,7.150485468,10.07201417,7.812003464,40.68979026,12.11767876,41.8504899,6.040136663397995,419.95042281694214
90220,130.0,4.867534450455582,10.786324908151064,7.232010331664759,285.8088,2.5768116464591184,18.0,0.7583259985796368,3.0,0.190004351647495,1.0,1.0,0.0,0.5089198495837871,-0.34365160791489224,0.34365160791489224,16.97158255,24.69164989,27.60521131,17.95024827,25.14726494,25.13398253,24.23860445,17.04190541,14.50714659,27.98440198,21.95387726,29.97380512,25.77453477,29.31049744,15.04813344,27.38507821,16.18527847,4.52018758439101,91.85282651872869
90221,87.5,4.471638793363569,10.832891923555666,6.124683390894205,90.0136,0.4184412279615509,18.0,0.7583259985796368,4.0,0.7626935242188175,2.0,2.0,0.0,1.3446299293192236,-0.26405558000087986,0.26405558000087986,19.74832496,25.7790465,28.16664064,18.08825953,26.45862489,26.45510512,26.87069109,17.57232062,15.66682226,28.82167119,23.69207283,32.26950189,26.46930006,30.50997973,15.07002974,29.95267061,16.07058007,4.656496760909924,105.26666116716689
90222,135.0,4.90527477843843,10.384091054112533,5.14166355650266,52.5665,0.005638907483212999,11.0,-0.24429743113995359,1.0,-0.9553739934951502,0.0,0.0,0.0,-0.7206183807243776,-0.43653492212914846,0.43653492212914846,15.73377529,22.64166768,25.57126453,15.89763836,23.2072821,23.20093788,22.7098658,14.90959309,12.43697124,25.93491163,20.15029366,28.39842021,23.68625311,27.30859558,17.17645873,25.82287342,18.27045238,4.675449408319146,107.28076913016623
90230,154.0,5.0369526024136295,10.342065012094494,1.9459101490553132,1.9348999999999998,-0.5525042322934589,15.0,0.3286302429855267,4.0,0.7626935242188175,1.0,1.0,1.0,0.5446682038280902,-0.8728175881362206,0.8728175881362206,6.263035843,13.43432272,18.2938766,15.14124399,12.86016662,12.81766217,6.927219411,13.17855894,10.66414335,16.85407619,8.444773137,11.26143166,16.31894297,16.21799298,32.33799801,9.034393104,33.49908135,5.185396417723485,178.6442535032625
90232,197.0,5.2832037287379885,9.714443449981347,1.0986122886681096,1.2082,-0.560515091513308,7.0,-0.8172251052654338,2.0,-0.38268482092382755,1.0,1.0,0.0,-0.02814021952031115,-0.9374797096088143,0.9374797096088143,8.762538149,10.83051986,15.73108471,13.62713647,10.22189717,10.18227848,8.123386442,11.75843522,9.689031964,14.21015518,5.836063876,10.04883873,13.7657571,13.62623888,34.12415324,9.764881202,35.28460353,5.28028177513934,196.425215297132
90240,158.0,5.062595033026967,10.12077398436594,0.0,0.0,-0.573833820162574,4.0,-1.246920860859544,2.0,-0.38268482092382755,0.0,0.0,0.0,-0.8281019450114446,-0.188189027717522,0.188189027717522,26.67879039,24.69506435,25.25467794,15.80705435,25.76428202,25.7795169,32.40523479,16.460394,16.47950197,26.75103761,24.68045687,35.09976813,24.15117206,29.18920793,22.56684697,35.03477406,23.40168697,4.598976143963178,99.38251015077144
90241,125.0,4.8283137373023015,10.721503715141942,1.0986122886681096,0.44129999999999997,-0.5689690999565475,16.0,0.4718621615168967,2.0,-0.38268482092382755,1.0,1.0,1.0,0.2941315971752715,-0.14665678549958233,0.14665678549958233,26.0010044,26.00816871,26.94247538,17.15489858,27.03568209,27.04854076,32.20261315,17.65379987,17.15864042,28.20799828,25.50766201,35.60387741,25.65597481,30.56834542,21.31883368,34.96504405,22.06070623,4.522809466564077,92.09396979361047
90242,85.5,4.448516375942715,10.615652738931836,2.4849066497880004,2.6982999999999997,-0.5440888064940469,15.0,0.3286302429855267,3.0,0.190004351647495,0.0,0.0,1.0,-0.2910418759073463,-0.17833477010597612,0.17833477010597612,24.40957144,26.06049248,27.63260765,17.56492309,26.93752361,26.94270038,30.85947681,17.57254341,16.58167816,28.69349199,24.95652789,34.78710428,26.18112355,30.76455256,18.47391052,33.66899785,19.17734823,4.636403880975429,103.17265850469246
90245,165.0,5.10594547390058,9.727346854817254,0.6931471805599453,0.5963,-0.5672604400156138,12.0,-0.10106551260858351,5.0,1.33538269679014,1.0,1.0,0.0,0.5804165580723933,-0.586657667886689,0.586657667886689,2.742457815,21.26065318,26.01216614,20.80060643,20.91653878,20.87675753,9.680127813,18.84306568,15.54207048,24.85176244,16.485955,18.51853831,23.95041276,24.60940815,26.22085025,13.01783995,27.32852133,5.339221612987746,208.35046985463254
90247,112.0,4.718498871295094,10.759051157340364,3.5263605246161616,7.0134,-0.49652081609970194,10.0,-0.38752934967132363,2.0,-0.38268482092382755,1.0,1.0,0.0,0.0792837193782164,-0.439152644781809,0.439152644781809,11.80716413,23.56734658,27.27005312,18.52985781,23.80675242,23.78658899,19.233008,17.10543662,13.91294361,27.10648118,19.90858727,26.14090392,25.25648424,27.95195807,17.44104567,22.47763935,18.6029258,4.6825807242220705,108.04855659877543
90248,104.0,4.6443908991413725,9.326878188224134,4.23410650459726,60.525099999999995,0.09337143010202457,6.0,-0.9604570237968039,2.0,-0.38268482092382755,0.0,0.0,0.0,-0.7564859857457595,-0.3186997776905733,0.3186997776905733,14.00687669,25.95071511,29.69265404,20.91417666,26.22402636,26.20648549,21.5351503,19.55765506,16.35175477,29.51185985,22.47334909,28.70209176,27.6712035,30.38624734,14.80491417,24.80618703,15.9625454,5.018622732436771,151.20291345419955
90249,105.0,4.653960350157523,10.176981954277059,4.430816798843313,31.570899999999998,-0.225808451586915,6.0,-0.9604570237968039,1.0,-0.9553739934951502,0.0,0.0,0.0,-0.8996582788885902,-0.5047098867343349,0.5047098867343349,9.497784845,22.39344043,26.30832946,18.1372233,22.50058002,22.47656063,17.05194584,16.6138611,13.25331023,25.98861539,18.46791012,24.30463735,24.25464456,26.59646044,19.2192888,20.3434971,20.36623267,4.8564416291574375,128.56590203300829
90250,128.0,4.852030263919617,11.449207940056342,5.0106352940962555,15.8805,-0.3987733415045138,26.0,1.9041813468305973,5.0,1.33538269679014,1.0,1.0,1.0,1.0817282729321884,-0.590071686814706,0.590071686814706,5.883552073,20.90742867,25.23209453,18.17565741,20.8187351,20.78768899,13.37125605,16.39925286,12.93701076,24.54601354,16.5032237,21.00677949,23.13624481,24.74947534,22.69297473,16.67795708,23.8427484,4.862386562195091,129.3324941230867
90255,130.0,4.867534450455582,11.146921425742978,5.993961427306569,57.6793,0.06200043358647993,34.0,3.0500366950815576,4.0,0.7626935242188175,1.0,1.0,1.0,1.225019816852098,-0.6508146572690277,0.6508146572690277,17.57635175,16.55729556,18.43114586,8.306452192,17.42151828,17.426641,22.85506455,8.085122488,6.961095756,19.30676888,15.3204382,25.33409399,16.8526694,21.27576061,24.68393455,25.31988773,25.7474703,4.476549849641952,87.93077433706354
90260,140.0,4.941642422609304,10.37586336592692,6.380122536899765,183.6321,1.4504552968667874,14.0,0.1853983244541566,2.0,-0.38268482092382755,1.0,1.0,0.0,0.22251563790958645,-0.44917775277728605,0.44917775277728605,8.359376369,23.80441891,28.10920809,20.62274756,23.78058379,23.75310702,15.9382708,18.91000887,15.46557554,27.443582,19.56849089,24.09446787,26.0153432,27.8019294,19.86358449,19.27592675,20.99119803,4.90678629152676,135.20420856000115
90262,133.5,4.894101477840304,11.070319080181381,7.282073658093465,226.20069999999998,1.9197150488773347,22.0,1.331253672705117,4.0,0.7626935242188175,1.0,1.0,1.0,0.7953240612579878,-0.38712141875083106,0.38712141875083106,18.66301971,22.9813398,25.3850769,15.34186497,23.67070031,23.66770361,25.3189973,14.77075514,12.88432579,26.02225587,21.03710774,30.10719751,23.674796,27.71526706,17.59160323,28.25765052,18.6290236,4.487894052806475,88.93395830858107
90265,713.0,6.569481420414296,9.675268643355135,5.41610040220442,140.7212,0.9774221622899066,9.0,-0.5307612682026936,9.0,3.6261393870754306,1.0,1.0,3.0,1.0456817917451884,0.6315407101493509,-0.6315407101493509,32.72889252,38.75299699,42.43952615,45.45404967,37.46106255,37.41782144,25.7571577,43.84367854,42.2539099,39.93862899,35.65990119,24.93963094,41.42207205,37.22215074,59.38674952,23.03137766,60.412553,5.677354143784697,292.1753523531756
90270,84.0,4.430816798843313,10.094892728063126,5.746203190540153,128.8298,0.8463359763439694,7.0,-0.8172251052654338,1.0,-0.9553739934951502,1.0,1.0,0.0,-0.1713125126631418,-0.5025369539218197,0.5025369539218197,21.82256428,18.5928926,19.65509908,9.782157,19.60738571,19.61982994,26.95654655,10.22386707,10.35278326,20.90718435,18.41627868,28.97803423,18.33903735,23.18739548,25.15898122,29.36520059,26.1259143,4.63343486033969,102.86679104064154
90274,226.5,5.422744944923089,10.129028228450059,4.532599493153256,36.7134,-0.16911952419174014,16.0,0.4718621615168967,4.0,0.7626935242188175,1.0,1.0,0.0,0.5804761834609328,0.20361165897375255,-0.20361165897375255,19.10429677,36.55507185,40.71682492,32.34080214,36.47532419,36.44356657,25.52285468,30.83616303,27.56011661,40.19399619,32.13124496,35.00405592,38.65330748,40.34958091,17.78121844,28.59829998,18.43890543,5.217050730820198,184.38956688741376
90275,185.0,5.220355825078324,10.620009404412524,5.4638318050256105,57.3941,0.05885649929516175,15.0,0.3286302429855267,2.0,-0.38268482092382755,0.0,0.0,0.0,-0.4342141690501769,0.3920346144645295,-0.3920346144645295,22.48694144,39.84909417,44.20603903,35.94255879,39.78320124,39.75197258,28.4765914,34.40736363,31.14654978,43.49033599,35.41899297,38.19643972,42.11326782,43.67131861,18.02754268,31.44856403,18.69130662,4.928775605005029,138.21018484067025
90277,189.0,5.241747015059643,10.458664933872619,0.0,0.0,-0.573833820162574,10.0,-0.38752934967132363,3.0,0.190004351647495,1.0,1.0,1.0,0.22245601252104705,-0.15710928888492873,0.15710928888492873,11.98404083,29.78336882,34.22082344,27.00895684,29.63890948,29.60660885,18.58440619,25.27548809,21.82675518,33.4234965,25.24326749,28.00805125,32.12155607,33.49842182,19.37256265,21.79163474,20.33953726,4.926398356837041,137.8820151568992
90278,145.0,4.976733742420574,10.655469518816966,0.6931471805599453,0.2357,-0.5712355546911024,10.0,-0.38752934967132363,1.0,-0.9553739934951502,0.0,0.0,0.0,-0.7564263603572201,-0.35650442677715194,0.35650442677715194,8.598013388,25.95233384,30.34078775,23.06183642,25.83819407,25.80885165,15.82142816,21.31930534,17.85905069,29.59521652,21.4841044,24.7285574,28.24177302,29.74068324,20.30525594,19.13677648,21.40375783,4.855461913755011,128.4400057199083
90280,140.5,4.945207488773801,11.422628696989069,1.6094379124341003,0.43779999999999997,-0.569007682600375,31.0,2.6203409394874475,4.0,0.7626935242188175,1.0,1.0,1.0,1.1175958779535704,-0.47755994429110415,0.47755994429110415,18.84091629,20.47551533,22.6641407,12.60687823,21.25820274,21.2593539,25.03814253,12.15114818,10.65477558,23.42307739,18.98920891,28.62884102,21.01710073,25.21303854,20.79971939,27.7635181,21.82878084,4.372662207498308,79.25434260219258
90290,209.0,5.342334251964811,8.750841375375533,3.6375861597263857,58.5907,0.07204735403917072,2.0,-1.533384697922284,1.0,-0.9553739934951502,0.0,0.0,0.0,-1.0428901974199603,-0.08921471199709399,0.08921471199709399,24.43009862,25.38910967,28.84002305,32.60970567,24.07847265,24.03835095,16.85422275,31.13518408,30.08045347,26.32839057,22.73074659,11.80925708,27.97196764,23.56620925,52.58483597,13.52308031,53.72192869,5.6241315855680725,277.0316017909854
90291,241.0,5.484796933490655,10.178274337002176,1.791759469228055,1.8994,-0.5528955705379954,7.0,-0.8172251052654338,1.0,-0.9553739934951502,0.0,0.0,0.0,-0.8638502992557477,-0.698334668969011,0.698334668969011,7.569772143,17.88630079,22.74333222,21.2458347,16.9778404,16.93087078,0.955756859,19.35209577,16.97722497,20.83366665,13.09981995,9.572714292,20.93369333,19.40342424,35.71659332,3.559359017,36.85111001,5.363526479527227,213.47644090423398
90292,260.0,5.560681631015528,10.085100525010166,6.1224928095143865,189.7256,1.5176276797705301,1.0,-1.6766166164536542,2.0,-0.38268482092382755,1.0,1.0,0.0,-0.24298809731736626,-0.6948861454267934,0.6948861454267934,6.033047767,18.25158191,23.14563259,20.90608815,17.4369837,17.39109086,1.898381776,18.97643129,16.37439956,21.36251615,13.3141746,11.08213296,21.25977616,20.14206793,34.1334927,5.10176845,35.26184824,5.436971495626395,229.74534402341823
90301,122.0,4.804021044733257,10.49296722793131,1.3862943611198906,0.8319,-0.5646632769053943,20.0,1.044789835642377,3.0,0.190004351647495,2.0,2.0,0.0,1.273073595442078,-0.7750492730931157,0.7750492730931157,5.624227077,16.26745505,20.77353715,14.43020901,16.13361994,16.10244417,11.72160108,12.52789277,9.18204523,19.89632136,11.79614562,17.3824917,18.67460023,20.05602627,26.1818829,14.66720632,27.34409733,4.9339396781515426,138.92575839163862
90303,154.5,5.0401940963378005,10.031352923534024,0.6931471805599453,0.44,-0.5689834306528264,5.0,-1.103688942328174,2.0,-0.38268482092382755,1.0,1.0,0.0,-0.09975617878599619,-0.6807542478724065,0.6807542478724065,7.394752138,18.38716885,22.58333393,14.98638044,18.40541756,18.37762207,14.40801332,13.2958983,9.848964887,22.02402574,14.33089004,20.56172879,20.50215213,22.48986926,23.08041618,17.55351502,24.24216668,4.866978221268383,129.92771031234497
90304,129.0,4.859812404361672,10.143724181276514,5.659482215759621,112.4656,0.6659433763089433,8.0,-0.6739931867340637,1.0,-0.9553739934951502,0.0,0.0,0.0,-0.8280423196229052,-0.6970034508391061,0.6970034508391061,5.109453523,18.40658278,22.77755883,16.10503419,18.29723096,18.26666813,12.04519616,14.24745856,10.80369421,22.04942404,14.01526309,19.01455473,20.6812905,22.25683718,24.5817449,15.2333986,25.74195465,4.985331117017054,146.25199353345596
90305,145.0,4.976733742420574,9.596214830319344,0.0,0.0,-0.573833820162574,3.0,-1.390152779390914,1.0,-0.9553739934951502,0.0,0.0,0.0,-1.0070822177871177,-0.776652548599044,0.776652548599044,8.008181782,15.79214023,19.93373692,12.70001386,15.90263829,15.87739632,13.93087361,10.90440913,7.441681402,19.41507512,11.87124749,18.91707537,17.85070765,19.97598913,25.13034223,16.82966286,26.28886699,4.789055665180751,120.18781751557314
90401,237.5,5.470167623474696,8.999866223762636,0.6931471805599453,1.2344,-0.5602262728652275,3.0,-1.390152779390914,5.0,1.33538269679014,3.0,3.0,1.0,1.6432203145620226,-0.6485924441140385,0.6485924441140385,11.16299802,18.03884163,22.69214116,22.78390958,16.95611988,16.90835434,3.655084666,20.99340519,19.03805089,20.53750715,13.65950838,7.12465,21.07845649,18.69478343,39.32461702,0.785018281,40.45946453,5.648992102629965,284.0050735544455
90404,153.5,5.033700567027251,10.042336034354935,2.0794415416798357,3.0464,-0.5402514869750852,7.0,-0.8172251052654338,2.0,-0.38268482092382755,1.0,1.0,0.0,-0.02814021952031115,-0.7213359997261485,0.7213359997261485,11.3028058,16.06943238,20.74127359,20.93687308,14.99581938,14.94813273,4.427336594,19.18323258,17.41102998,18.60760101,11.74697621,5.712109769,19.10592588,16.79113376,39.1871158,2.710207477,40.33880158,5.3793447502832805,216.88011821977395
90405,200.0,5.298317366548036,10.214605350465526,0.0,0.0,-0.573833820162574,11.0,-0.24429743113995359,3.0,0.190004351647495,1.0,1.0,0.0,0.25826399215388957,-0.6827742422492464,0.6827742422492464,9.636102205,17.69982151,22.47021612,21.83537054,16.69826749,16.65057256,2.460261144,20.00547944,17.84311989,20.42700572,13.10039187,7.935281113,20.7523968,18.74914138,37.70345437,1.79992007,38.85091673,5.294809355482872,199.2996269633889
90501,120.5,4.791649752930709,10.640364495957398,2.0794415416798357,1.6752,-0.5553670644654622,14.0,0.1853983244541566,1.0,-0.9553739934951502,0.0,0.0,0.0,-0.6131944418258501,-0.12272609659523287,0.12272609659523287,15.55439384,30.31258415,34.15104614,25.51565747,30.45674021,30.43418363,22.90728595,24.08289081,20.84963084,33.89955643,26.45365328,31.59503957,32.12799869,34.57281869,13.28078758,26.22268595,14.35040489,4.696934863453073,109.61068530857295
90502,101.0,4.61512051684126,9.82379478362688,5.37989735354046,116.9654,0.7155474279361301,3.0,-1.390152779390914,1.0,-0.9553739934951502,1.0,1.0,0.0,-0.3145444311945118,-0.07271661743588693,0.07271661743588693,17.30433097,31.22438519,34.95111529,25.99469198,31.42827575,31.4070019,24.83825667,24.66974509,21.55973791,34.7792091,27.51990929,33.09624998,32.93999996,35.5633165,11.18348839,28.17687202,12.25662086,4.934284400136207,138.9736574102404
90503,90.0,4.499809670330265,10.67948119887156,1.3862943611198906,0.6904,-0.5662231180772791,15.0,0.3286302429855267,4.0,0.7626935242188175,1.0,1.0,1.0,0.5446682038280902,-0.18755608430157145,0.18755608430157145,12.33984812,29.30377226,33.5418921,25.46264268,29.23210522,29.20245168,19.47179103,23.90557534,20.55928904,32.94698746,24.94223363,28.49738601,31.47220723,33.19122722,17.19334097,22.75902329,18.2342614,4.915716579620209,136.41702844920403
90504,144.5,4.973279507552487,10.40683528644616,0.0,0.0,-0.573833820162574,11.0,-0.24429743113995359,2.0,-0.38268482092382755,0.0,0.0,0.0,-0.577446087581547,-0.3381673192008003,0.3381673192008003,10.52610481,26.15455595,30.33577531,22.321169,26.13694201,26.10855365,18.03627093,20.7080485,17.28394665,29.79298781,21.90922498,26.41352478,28.25289072,30.14920701,17.76555668,21.37470611,18.90052003,4.783432875112961,119.51392300812232
90505,105.0,4.653960350157523,10.467351447331982,0.6931471805599453,0.28450000000000003,-0.5706976024000212,12.0,-0.10106551260858351,2.0,-0.38268482092382755,0.0,0.0,0.0,-0.5416381079487045,0.02593455185272415,-0.02593455185272415,16.48216498,33.31750484,37.49254551,29.4422821,33.30058829,33.27241048,23.45607748,27.87020158,24.5053573,36.95421443,29.0449622,32.63373642,35.41396959,37.29638049,14.75007643,26.70781386,15.65868794,4.82211985140799,124.22815708427981
90601,137.0,4.919980925828125,10.31158253283031,4.248495242049359,22.940399999999997,-0.3209477394593616,14.0,0.1853983244541566,2.0,-0.38268482092382755,0.0,0.0,1.0,-0.47002214868301945,0.12388817385079404,-0.12388817385079404,34.25726137,28.78183978,28.09605653,20.20320045,30.00697417,30.03254964,39.46503105,21.40382346,22.51725129,30.05284431,29.91352025,40.80014592,27.4789252,32.78639179,29.29068732,41.83806236,29.88491694,4.778333469534019,118.90602432066524
90602,125.0,4.8283137373023015,10.162229881090202,2.1972245773362196,3.0882,-0.5397906999716593,3.0,-1.390152779390914,3.0,0.190004351647495,1.0,1.0,1.0,-0.02819984490885058,0.21649448936563911,-0.21649448936563911,35.08719195,30.85614122,30.33776412,22.13788732,32.04781327,32.07078411,40.65544048,23.22359477,24.02612291,32.21353617,31.71236969,42.52006192,29.64888688,34.95331318,28.01645786,43.12930368,28.53363495,4.824981232002983,124.58413016667026
90603,57.0,4.04305126783455,9.957928388214375,0.6931471805599453,0.4735,-0.5686141396333343,4.0,-1.246920860859544,1.0,-0.9553739934951502,0.0,0.0,0.0,-0.9712742381542752,0.4692920942471603,-0.4692920942471603,38.78334954,35.53189413,35.12124228,26.76626469,36.71100179,36.73301477,44.72675692,27.78150101,28.41841545,37.00874366,36.24444414,46.9926653,34.4312654,39.71222223,28.06197362,47.30822415,28.38660485,4.661510374734114,105.79575277704127
90604,117.0,4.762173934797756,10.578394384806286,5.605802066295998,68.99889999999999,0.18678331789224972,13.0,0.04216640592278654,2.0,-0.38268482092382755,0.0,0.0,0.0,-0.5058301283158619,0.3561843515954478,-0.3561843515954478,35.88338965,34.2380667,34.30059139,25.37422473,35.36900287,35.38732661,42.09099366,26.19537964,26.3788192,36.00909519,34.48724453,45.00993437,33.40752546,38.57819868,24.63809882,44.79564693,25.04229907,4.752553049072823,115.87975389103485
90638,72.5,4.283586561860629,10.73496086257636,6.406879986069314,131.7136,0.8781258701353558,14.0,0.1853983244541566,3.0,0.190004351647495,1.0,1.0,0.0,0.3656879310524171,0.4498383726352174,-0.4498383726352174,36.61814805,36.42209261,36.69139532,27.53232321,37.49140889,37.50642165,43.14116298,28.16254155,28.07160455,38.31340015,36.3122394,46.6443893,35.71530846,40.89567587,22.87209032,45.97165312,23.21213893,4.795357238175356,120.94758115956886
90640,155.0,5.043425116919247,11.024888202834669,2.9444389791664403,2.9325,-0.5415070764413585,20.0,1.044789835642377,6.0,1.9080718693614627,2.0,2.0,1.0,1.70259047487057,-0.2374851396277986,0.2374851396277986,28.32312024,22.26321119,21.58552637,13.66896795,23.51295104,23.54298642,33.21590221,14.85419352,16.08402222,23.49358936,23.36373507,34.25032019,20.90853249,26.23303363,29.16678118,35.44282502,29.98839104,4.784298971070449,119.61747837167073
90650,82.0,4.406719247264253,11.511934974596555,7.347299700743164,155.2553,1.137640449048139,29.0,2.3338771024247076,5.0,1.33538269679014,2.0,2.0,1.0,1.881689998423322,0.12934969976223754,-0.12934969976223754,30.39525006,31.32990801,32.33324159,22.63118918,32.31880343,32.32887743,36.965489,22.90195542,22.37214016,33.74347827,30.71076741,40.67344202,31.16467017,35.99133459,18.6947871,39.8352132,19.22175156,4.613351336617953,100.82147076920458
90660,129.0,4.859812404361672,11.006639521246269,7.175489713624222,216.6844,1.8148110450327646,19.0,0.9015579171110069,4.0,0.7626935242188175,1.0,1.0,0.0,0.6879001223594603,-0.1041489887273051,0.1041489887273051,29.56326049,25.26150979,25.09148417,16.41823572,26.38257776,26.40100557,34.95742838,17.43972409,18.28228864,26.9263701,25.92701633,36.78318182,24.35401088,29.57931195,26.50183201,37.3704018,27.23014177,4.5996349409158555,99.44800461701682
90670,102.0,4.624972813284271,9.78987082574916,1.0986122886681096,1.1204,-0.561482964692753,12.0,-0.10106551260858351,5.0,1.33538269679014,1.0,1.0,0.0,0.5804165580723933,0.02361857495478277,-0.02361857495478277,30.12292282,28.4645329,28.60635836,19.5989449,29.55371187,29.57011563,36.1387733,20.3172949,20.33275386,30.25492052,28.55780776,38.93826027,27.65392398,32.84581471,23.48408015,38.7870631,24.12848075,4.8734344317363565,130.7692646585502
90703,68.5,4.22683374526818,10.781224548778034,7.32052696227274,313.8771,2.886225709814682,25.0,1.7609494282992273,3.0,0.190004351647495,1.0,1.0,0.0,0.7595757070136848,0.35403397458033786,-0.35403397458033786,32.989442,36.09434349,37.10581382,27.33198028,37.05609476,37.06525352,40.06834839,27.6346448,26.6868218,38.45074058,35.04776323,44.68064124,35.8731998,40.72634415,16.25536634,43.1225106,16.73142591,4.622967232843642,101.79563579798109
90704,599.5,6.396095974467569,8.137980454452139,3.8918202981106265,140.3099,0.9728881504595448,1.0,-1.6766166164536542,4.0,0.7626935242188175,1.0,1.0,0.0,0.043356488968295026,3.0325132674912565,-3.0325132674912565,67.07859382,84.31333191,88.24356762,79.23864885,84.36718554,84.34062746,72.94071561,77.98771773,74.88322945,87.92571167,80.15394444,82.80304048,86.20874357,88.39732115,48.03315827,75.7708676,47.22925497,5.812596062087806,334.4863468314263
90706,140.0,4.941642422609304,11.249220301899896,7.324489979348532,197.347,1.6016430402468718,17.0,0.6150940800482668,3.0,0.190004351647495,1.0,1.0,0.0,0.4731118699509447,0.01586974083934161,-0.01586974083934161,26.39203787,30.4068524,32.15865464,22.08579042,31.20563724,31.20951079,33.18315563,21.94928351,20.60324359,33.15385832,28.90900841,38.13536061,30.6786303,35.13768026,14.92015794,36.21889931,15.54499295,4.671883742633803,106.89892294546554
90710,64.5,4.1666652238017265,10.194738249864933,4.330733340286331,28.025900000000004,-0.2648871579779495,8.0,-0.6739931867340637,1.0,-0.9553739934951502,0.0,0.0,0.0,-0.8280423196229052,0.0848341642600732,-0.0848341642600732,19.44149092,34.38473059,38.1886814,29.29943515,34.546748,34.5240327,26.8184723,27.96954262,24.82162914,37.96055922,30.52976771,35.46738518,36.16549447,38.65766252,10.30505934,30.13280367,11.22366515,4.874203534102513,130.86987829555324
90712,119.0,4.77912349311153,10.335302435967074,6.889591308354466,318.5065,2.9372584216247404,12.0,-0.10106551260858351,3.0,0.190004351647495,1.0,1.0,0.0,0.29407197178673206,0.072137112264555,-0.072137112264555,26.09222238,32.26038991,34.3100726,24.18575264,32.95028882,32.95169016,33.34958243,23.89008494,22.22894439,35.12091897,30.339579,39.03464383,32.70081773,36.99396214,10.61279202,36.49491113,11.39547549,4.731648216312308,113.48245191754415
90713,125.0,4.8283137373023015,10.247857094617705,5.676753802268282,103.1147,0.5628626779755374,8.0,-0.6739931867340637,1.0,-0.9553739934951502,0.0,0.0,0.0,-0.8280423196229052,0.2169984865884168,-0.2169984865884168,29.35916169,34.43297612,36.14441064,26.03539537,35.26725669,35.27024798,36.6915061,25.96323989,24.62603004,37.13446041,32.89415646,42.05591872,34.62947229,39.15482601,12.28028408,39.85804124,12.59542518,4.892712046099533,133.31463966519348
90716,152.5,5.0271645960474665,9.517825071724143,5.497168225293202,178.68959999999998,1.395971091976043,3.0,-1.390152779390914,1.0,-0.9553739934951502,0.0,0.0,0.0,-1.0070822177871177,0.4486681494573623,-0.4486681494573623,33.50081001,38.44000171,39.98871059,29.95828787,39.28408111,39.28744717,40.79572516,29.96075413,28.73004834,41.09632392,37.04076636,46.21901421,38.57585437,43.15519189,13.38782673,43.94091312,13.45338969,5.0583357091583565,157.3284580014415
90717,106.0,4.663439094112067,9.97501720367505,5.905361848054571,170.3752,1.3043163680218492,6.0,-0.9604570237968039,2.0,-0.38268482092382755,1.0,1.0,0.0,-0.06394819915315364,0.09186627875575255,-0.09186627875575255,18.74271929,34.57130431,38.51823293,29.89376936,34.6672375,34.64243336,25.96986674,28.48020471,25.24390016,38.17665071,30.54041616,34.86956964,36.47121241,38.7444164,11.83348879,29.25962447,12.74944963,4.953338551442236,141.64707143999678
90723,97.0,4.574710978503383,10.85997928615443,7.155396301896734,245.91740000000001,2.1370643098928808,21.0,1.188021754173747,2.0,-0.38268482092382755,1.0,1.0,0.0,0.47317149533948405,-0.1338767632134567,0.1338767632134567,23.6228725,27.66905918,29.51650709,19.39953429,28.4778748,28.47987762,30.5205212,19.22736644,17.84959061,30.45507621,26.10717499,35.26249168,27.98490043,32.4003892,15.40390717,33.52327267,16.24477141,4.517684305222581,91.62318080512958
90731,138.0,4.927253685157205,11.034002173549839,3.091042453358316,3.3902,-0.5364615689899689,16.0,0.4718621615168967,10.0,4.198828559646754,2.0,2.0,2.0,2.1320477289105226,0.48741225746291417,-0.48741225746291417,26.36776493,41.79745633,45.62557731,36.65190327,41.94813841,41.92503105,33.49470535,35.37240997,32.25309083,45.38239675,37.9057803,42.50361253,43.60137801,46.05443508,9.87366256,36.74506856,10.06466573,5.317543091727224,203.88234590884372
90732,139.0,4.9344739331306915,10.046201654735302,2.4849066497880004,4.7687,-0.5212655191281801,6.0,-0.9604570237968039,1.0,-0.9553739934951502,0.0,0.0,0.0,-0.8996582788885902,0.39909137012729173,-0.39909137012729173,24.51447739,40.21915698,44.06828823,35.15265218,40.35384081,40.33013729,31.59128939,33.83994366,30.70470681,43.80578743,36.2846005,40.66686099,42.03836652,44.45043826,10.59208977,34.83612712,11.01750789,5.059634896120578,157.53298991669328
90744,77.0,4.343805421853684,10.874285408908944,2.3978952727983707,1.8939,-0.5529562004068672,14.0,0.1853983244541566,2.0,-0.38268482092382755,0.0,0.0,0.0,-0.47002214868301945,0.19740410012275827,-0.19740410012275827,22.30054593,36.4884663,40.10531594,30.89276934,36.72540055,36.7050838,29.83108392,29.68803976,26.68607258,40.01881001,32.83445688,38.21390346,38.11876771,40.86821811,7.497076316,33.1686037,8.344616939,4.619300223598671,101.42303384534479
90745,97.0,4.574710978503383,10.957764738495044,6.906754778648554,173.8767,1.3429155472681702,17.0,0.6150940800482668,2.0,-0.38268482092382755,1.0,1.0,0.0,0.32993957680811403,-0.08163013250909253,0.08163013250909253,18.18878456,30.88968941,34.4296084,25.16457138,31.17745255,31.15899054,25.8105507,23.96427487,21.01216107,34.38890846,27.47930879,33.66614865,32.449769,35.3349887,9.979679963,29.14911405,11.11954907,4.571399239118939,96.67929262245181
90746,112.0,4.718498871295094,10.206993760334795,6.131226489483141,169.429,1.2938858258533876,10.0,-0.38752934967132363,3.0,0.190004351647495,1.0,1.0,0.0,0.22245601252104705,-0.2036632350503636,0.2036632350503636,17.13874754,28.24669146,31.49852836,21.89179601,28.61851849,28.60307045,24.72501598,20.86680442,18.15221764,31.6487084,25.0330538,31.87418534,29.58823489,32.78518379,11.74483886,28.00796028,12.90629626,4.737458812035975,114.14377203862168
90755,147.0,4.990432586778736,9.352013530292329,0.6931471805599453,0.868,-0.5642653244933447,4.0,-1.246920860859544,3.0,0.190004351647495,1.0,1.0,1.0,0.007608134723991966,0.2794186192893776,-0.2794186192893776,27.92990658,37.14547478,39.72082554,29.67237226,37.7374818,37.73005903,35.52720484,29.08470938,26.93339725,40.2975474,34.66409641,42.43357326,37.99017726,41.84993464,4.836804113,38.82737564,5.333002352,5.052350668749767,156.38965301814886
90802,152.0,5.0238805208462765,10.607451025529922,1.3862943611198906,0.7419000000000001,-0.5656554020323882,7.0,-0.8172251052654338,9.0,3.6261393870754306,2.0,2.0,1.0,1.6666036190721094,0.36277914949505785,-0.36277914949505785,28.44735896,39.32976992,42.18971173,32.25059781,39.8386744,39.82761737,36.07596955,31.51499217,29.1129143,42.59667733,36.50257933,43.60382114,40.37289321,43.98541072,1.370937076,39.41160454,1.959791391,5.0106376162630895,150.00034832542948
90805,126.5,4.840242308167575,11.433914724635184,3.2188758248682006,2.5973,-0.5452021913587844,16.0,0.4718621615168967,2.0,-0.38268482092382755,0.0,0.0,0.0,-0.3984061894173344,-0.06482343113335269,0.06482343113335269,22.60937791,29.83502269,32.41043113,22.39684603,30.53684892,30.53562393,30.00812524,21.7560919,19.77846292,32.9567247,27.85984348,36.10677135,30.65914325,34.55900553,11.53291585,33.23413755,12.43317415,4.382686423586357,80.0528005296846
90806,148.0,4.997212273764115,10.637416726816307,1.3862943611198906,0.72,-0.5658968191466234,9.0,-0.5307612682026936,1.0,-0.9553739934951502,0.0,0.0,0.0,-0.7922343399900627,0.18401071768292693,-0.18401071768292693,25.45919738,35.70343563,38.50082152,28.59467846,36.22832333,36.21783524,33.07511689,27.82335673,25.47905224,38.92683624,32.97106506,40.26744429,36.68720934,40.3745198,4.332553196,36.38490442,5.29663341,4.501050099012183,90.11170784985967
90807,144.0,4.969813299576001,10.407348982500485,1.0986122886681096,0.6042,-0.5671733534766887,8.0,-0.6739931867340637,3.0,0.190004351647495,0.0,0.0,0.0,-0.5416977333372439,0.08167945939488913,-0.08167945939488913,24.41577027,33.31068633,35.92139295,25.94165482,33.86839797,33.85971177,31.91092871,25.25821871,23.08706651,36.49356685,30.71527349,38.51471029,34.1630543,37.99707186,7.358654365,35.1985325,8.327453114,4.634750674032517,103.00223366191608
90808,141.0,4.948759890378168,10.579437708267552,1.791759469228055,1.2716999999999998,-0.5598150921181512,19.0,0.9015579171110069,4.0,0.7626935242188175,1.0,1.0,0.0,0.6879001223594603,0.30181409442286605,-0.30181409442286605,29.9900582,36.43212477,38.47624666,28.35065177,37.18508178,37.1843845,37.43456629,28.06874157,26.44785467,39.33494529,34.57122457,43.33714824,36.90007859,41.17040814,10.15037759,40.6468244,10.45261844,4.906888777044131,135.21806574333425
90810,80.0,4.382026634673881,10.486652442359842,4.543294782270004,25.9537,-0.2877302878463562,9.0,-0.5307612682026936,2.0,-0.38268482092382755,0.0,0.0,0.0,-0.649062046847232,0.07959470896465438,-0.07959470896465438,22.98399156,33.79625111,36.80652754,27.00097759,34.2620048,34.24980235,30.59320957,26.13716427,23.60296225,37.12191256,30.87098916,37.93678322,34.95594938,38.42017212,5.872310607,33.90572204,7.004740544,4.61438466380573,100.92570618142985
90813,121.0,4.795790545596741,10.844314787255186,0.0,0.0,-0.573833820162574,13.0,0.04216640592278654,2.0,-0.38268482092382755,0.0,0.0,0.0,-0.5058301283158619,0.3068306734988394,-0.3068306734988394,27.59333793,38.16456715,41.05765492,31.11486927,38.64899623,38.63729547,35.22054179,30.38456674,27.94669767,41.44586728,35.32317434,42.52045434,39.25518627,42.80404726,2.32779485,38.54023252,3.06354844,4.571229545457598,96.66288815121757
91001,169.0,5.1298987149230735,10.476611690496343,6.20050917404269,138.6892,0.9550221816448904,15.0,0.3286302429855267,4.0,0.7626935242188175,2.0,2.0,0.0,1.237205990420696,-0.13239403308442613,0.13239403308442613,36.7873404,19.42064882,14.95947228,17.98785941,20.57639662,20.62410119,37.55241704,19.77188215,23.2341728,17.39513857,24.02378176,32.75509218,16.42460505,20.03940021,47.81303931,38.06775293,48.72898807,4.944014405070611,140.33247169721815
91006,120.5,4.791649752930709,10.36037428013116,4.276666119016055,22.4812,-0.32600978232953454,13.0,0.04216640592278654,2.0,-0.38268482092382755,0.0,0.0,0.0,-0.5058301283158619,0.2818018725443168,-0.2818018725443168,41.31636039,28.50077019,25.42923956,22.74136425,29.81552835,29.85554267,44.41098698,24.65581626,27.4673209,27.91615047,31.8692578,42.25096593,25.95580273,30.87831575,42.77358094,45.86002763,43.44336099,4.790617108492107,120.37563057089984
91007,130.0,4.867534450455582,10.405171518384835,2.995732273553991,5.7525,-0.5104204891288854,10.0,-0.38752934967132363,3.0,0.190004351647495,1.0,1.0,1.0,0.22245601252104705,0.08628870393686341,-0.08628870393686341,38.17230878,24.9588777,21.87732838,19.39047672,26.26713968,26.30849059,41.06459336,21.33027529,24.21059342,24.3762379,28.39987327,38.73680067,22.42406322,27.33258965,42.15745027,42.43541079,42.93456259,4.787551781558072,120.00720486940675
91010,107.0,4.672828834461906,10.225208667211332,5.723585101952381,110.5513,0.6448408748577847,10.0,-0.38752934967132363,1.0,-0.9553739934951502,0.0,0.0,0.0,-0.7564263603572201,0.5149906956074207,-0.5149906956074207,45.21411434,32.30492431,29.09382703,26.64891276,33.60858057,33.65044727,48.34303083,28.56572329,31.34061157,31.60718044,35.75443494,46.1101565,29.74242528,34.5493245,46.2816956,49.75203866,46.92294199,4.716119208886539,111.73379467526604
91011,222.5,5.404927101606295,9.90028242158718,5.594711379601839,134.4369,0.9081464741169366,12.0,-0.10106551260858351,3.0,0.190004351647495,0.0,0.0,0.0,-0.39846581480587384,-0.26856225825114016,0.26856225825114016,35.04562588,16.37364059,11.49893924,17.87014662,17.24840371,17.2952267,34.68163435,19.43613976,22.85509079,13.66380982,21.30521981,28.67753671,13.44004671,15.73784879,49.76715073,34.81940043,50.78088243,5.091928759209949,162.70337524406213
91016,148.5,5.000584958242754,10.62476047015509,3.8918202981106265,11.6675,-0.44521582106034685,16.0,0.4718621615168967,4.0,0.7626935242188175,1.0,1.0,1.0,0.5804761834609328,0.40418107499146605,-0.40418107499146605,43.61065198,30.21575404,26.92307253,24.91718291,31.51459313,31.55853507,46.5855547,26.85156893,29.68647993,29.43441056,33.72375712,43.99375892,27.60069063,32.3783293,46.06697307,47.85138799,46.7666489,4.823435500416579,124.39170529841857
91020,147.0,4.990432586778736,8.927048647825695,3.828641396489095,59.745099999999994,0.08477301233474478,3.0,-1.390152779390914,1.0,-0.9553739934951502,0.0,0.0,0.0,-1.0070822177871177,-0.343250465694743,0.343250465694743,33.9807455,14.9096719,10.00827672,17.49628279,15.67729527,15.72326531,33.14262203,18.85219834,22.15246796,11.86931314,19.92218404,26.85671132,12.01851308,13.90682688,49.89563858,33.11151903,50.92506465,5.287067987689554,197.76273176085166
91030,176.0,5.170483995038151,10.168502147925643,0.0,0.0,-0.573833820162574,6.0,-0.9604570237968039,2.0,-0.38268482092382755,1.0,1.0,0.0,-0.06394819915315364,-0.4352253465774808,0.4352253465774808,29.8510156,15.62436881,12.89611404,10.67240122,16.93346826,16.97404979,31.95221679,12.63504111,15.90844578,15.29058925,19.0505157,29.39247198,13.15215411,18.26298134,39.04119868,33.16932949,39.98593965,4.867683701688065,130.0194041082303
91040,131.0,4.875197323201151,9.943765399034698,0.0,0.0,-0.573833820162574,3.0,-1.390152779390914,1.0,-0.9553739934951502,0.0,0.0,0.0,-1.0070822177871177,-0.16939075487025437,0.16939075487025437,36.00104964,17.76234225,14.30887144,24.37307926,17.70941126,17.73717049,32.85092077,24.95850744,27.60398585,14.16175699,22.08336759,24.02094927,16.18673939,13.88902196,56.92767027,31.62235004,58.02557418,4.961666087277351,142.83156762538653
91042,176.0,5.170483995038151,10.200959051807608,1.9459101490553132,2.2282,-0.5492710067407113,7.0,-0.8172251052654338,2.0,-0.38268482092382755,0.0,0.0,1.0,-0.720678006112917,-0.1998390249785691,0.1998390249785691,36.15552599,17.11723988,12.91057992,22.43134388,17.37004691,17.40655121,33.8050697,23.35964297,26.28492655,13.48047661,21.84338591,25.70669504,14.96499644,13.99348616,55.20666949,32.96846998,56.27493047,4.950578841043509,141.25670544030115
91101,158.0,5.062595033026967,9.96015139965367,1.3862943611198906,1.4174,-0.5582089517736735,9.0,-0.5307612682026936,3.0,0.190004351647495,1.0,1.0,1.0,0.18664803288820453,-0.2747701073997921,0.2747701073997921,33.44718586,17.75776458,14.1140495,14.28457808,19.01286969,19.05726521,35.13825287,16.22967229,19.57784048,16.63832316,21.80006072,31.54418007,14.96320214,19.56012941,42.77072042,36.05152595,43.68389905,4.991269123165949,147.12302229806053
91103,179.5,5.190175207928333,10.132334806767016,1.6094379124341003,1.591,-0.5562952526398276,13.0,0.04216640592278654,2.0,-0.38268482092382755,0.0,0.0,0.0,-0.5058301283158619,-0.266981394810211,0.266981394810211,34.14537926,17.39406211,13.29939286,15.29020975,18.56742181,18.61274028,35.15784594,17.14725778,20.58975544,15.81227589,21.70830291,31.0156843,14.44212533,18.60265101,45.16787684,35.9233856,46.11169083,5.022361500028332,151.76928411115478
91105,200.0,5.298317366548036,9.436040652072082,2.0794415416798357,5.5861,-0.5122548182525717,8.0,-0.6739931867340637,2.0,-0.38268482092382755,0.0,0.0,0.0,-0.6848700264800744,-0.37104296169605083,0.37104296169605083,31.57987794,16.16779419,12.89718259,12.42834911,17.44825026,17.49200191,33.25563667,14.36984165,17.72812604,15.38153712,20.00748046,29.98989987,13.48115477,18.34743014,41.77244241,34.24706856,42.71298891,5.137095587775946,170.2206587062267
91106,187.0,5.231108616854587,10.082093883082601,0.6931471805599453,0.4182,-0.5692237454058093,5.0,-1.103688942328174,2.0,-0.38268482092382755,1.0,1.0,0.0,-0.09975617878599619,-0.19889977026142996,0.19889977026142996,34.6900045,19.12138784,15.43799565,15.50865322,20.38058047,20.42545879,36.45559321,17.46476916,20.77539833,17.96426331,23.16351446,32.91444275,16.31169127,20.85586645,43.20685665,37.41673366,44.10675643,4.891767430290663,133.18876800855
91107,155.0,5.043425116919247,10.383348686544645,5.356586274672012,65.2927,0.1459276051626441,21.0,1.188021754173747,3.0,0.190004351647495,0.0,0.0,0.0,-0.0761939981102912,-0.046323948263263755,0.046323948263263755,36.60248711,22.24043402,18.61463621,17.45975695,23.50191739,23.54483198,38.90049904,19.42415573,22.59569323,21.13991168,25.93353955,36.03131252,19.52256644,23.96325628,43.58911069,40.10874132,44.43805525,4.870806824527804,130.42610543733807
91204,165.0,5.10594547390058,9.790206866077162,0.0,0.0,-0.573833820162574,4.0,-1.246920860859544,1.0,-0.9553739934951502,0.0,0.0,0.0,-0.9712742381542752,-0.819393820544889,0.819393820544889,25.07095591,7.099822697,3.290151789,8.499849829,8.302117873,8.349370634,25.21233801,9.630043755,12.89178083,5.722848611,11.65772882,20.69800401,4.208630777,8.677274014,41.29303853,25.71246719,42.36547439,5.185982821763794,178.74904193647228
91206,145.5,4.980176086611547,10.372302976145054,0.0,0.0,-0.573833820162574,6.0,-0.9604570237968039,4.0,0.7626935242188175,1.0,1.0,1.0,0.22239638713250762,-0.6979209445033165,0.6979209445033165,27.4915271,9.137116631,4.519594275,10.81731348,10.16654358,10.21431113,27.46010885,12.11267699,15.37758872,6.990278015,13.93656925,22.32366493,6.085230935,9.77745983,43.50686963,27.79300852,44.56509483,5.098071914837966,163.70596377507644
91214,217.0,5.37989735354046,10.335854213841799,4.672828834461906,34.3966,-0.19465902968306556,14.0,0.1853983244541566,3.0,0.190004351647495,1.0,1.0,0.0,0.3656879310524171,-0.2568758179168357,0.2568758179168357,35.43475508,16.21293249,11.50716491,19.79867606,16.84233595,16.88539651,34.07028112,21.0533244,24.24639148,12.8596571,21.2180432,27.13915015,13.59825762,14.3718971,52.38428658,33.77754749,53.42452148,5.000235646222194,148.4481362237944
91301,285.0,5.652489180268651,10.080796567506539,5.1298987149230735,70.35470000000001,0.20172913174978563,11.0,-0.24429743113995359,3.0,0.190004351647495,1.0,1.0,0.0,0.25826399215388957,0.8438525380788584,-0.8438525380788584,39.50653128,40.74658217,43.41153038,48.50600306,39.43758002,39.40066427,31.96996827,47.13611376,46.33973629,40.91178238,38.63957496,27.78383745,42.94804734,37.97609251,66.9593742,28.7014793,68.03131171,5.4421008225608105,230.92681047806457
91302,237.0,5.4680601411351315,10.149175068285233,5.204006687076795,70.7888,0.20651448194565247,13.0,0.04216640592278654,5.0,1.33538269679014,1.0,1.0,1.0,0.6162245377052359,0.21929705233715904,-0.21929705233715904,30.57208778,29.71332624,32.31670824,37.89912406,28.41276006,28.37954735,22.97971181,36.72312791,36.28705487,29.82066195,28.24739272,17.72828653,31.82877676,26.86435172,58.61138067,19.75816639,59.74257146,5.555662418890563,258.6982743987777
91304,121.0,4.795790545596741,10.868092144688834,0.6931471805599453,0.1906,-0.5717327196158515,10.0,-0.38752934967132363,2.0,-0.38268482092382755,1.0,1.0,0.0,0.0792837193782164,0.3270956452251636,-0.3270956452251636,36.23082352,29.63562019,30.82796741,38.4377297,28.46111126,28.44076505,28.97757712,37.64528607,37.91614451,28.56631228,29.55844472,20.56263283,31.01732651,25.67861114,63.99117928,25.75180121,65.14583931,5.037277528055704,154.05004667916384
91306,121.0,4.795790545596741,10.761661764674606,0.0,0.0,-0.573833820162574,11.0,-0.24429743113995359,1.0,-0.9553739934951502,0.0,0.0,0.0,-0.7206183807243776,0.11580184943477367,-0.11580184943477367,33.31924261,25.87310307,27.160129,34.64650504,24.68583245,24.66400014,26.34066641,33.86616816,34.35230503,24.87397034,25.97933035,17.34143691,27.31338223,21.97610384,60.80263402,23.28118005,61.96236167,5.025337440066757,152.22161311851903
91311,169.0,5.1298987149230735,10.61886089185424,3.258096538021482,6.1128,-0.5064486815371535,19.0,0.9015579171110069,3.0,0.190004351647495,0.0,0.0,0.0,-0.14780995737597624,0.4116880795888334,-0.4116880795888334,38.87589567,30.40836403,31.09740496,39.28572655,29.29182945,29.27453219,31.73634983,38.5865345,39.15510074,28.9598189,30.80027744,23.02881592,31.48343272,26.16503458,66.34574615,28.53250148,67.50700774,5.118373148278302,167.0633611056883
91321,244.5,5.499215308914927,10.373178632943564,5.267858159063328,60.3332,0.09125599885902334,13.0,0.04216640592278654,1.0,-0.9553739934951502,0.0,0.0,0.0,-0.6490024214586926,0.8615706779205247,-0.8615706779205247,49.81350211,36.12936027,34.50806973,44.36900304,35.45467753,35.46025597,43.72753885,44.49933979,46.26794658,33.28308622,38.59380027,33.8771833,35.77997186,31.39317434,75.25902337,41.0598664,76.41178809,4.991965946077599,147.2255767178139
91324,121.0,4.795790545596741,10.332017933575289,0.0,0.0,-0.573833820162574,6.0,-0.9604570237968039,1.0,-0.9553739934951502,0.0,0.0,0.0,-0.8996582788885902,0.12508017635485424,-0.12508017635485424,35.02297135,25.25921021,25.9969972,34.1319838,24.15156469,24.13530598,28.22901254,33.55005165,34.25701753,23.86476522,25.98298552,18.91023727,26.39235286,21.07272948,61.86905592,25.36551617,63.03118574,5.051318204402541,156.2282696027799
91326,149.0,5.003946305945459,10.556567661882832,0.6931471805599453,0.26020000000000004,-0.5709654761843096,7.0,-0.8172251052654338,2.0,-0.38268482092382755,0.0,0.0,0.0,-0.720678006112917,0.33287556392096446,-0.33287556392096446,39.51007046,28.1364828,28.09198891,36.97165106,27.18514958,27.17921158,33.07302372,36.58730506,37.77042235,26.15925396,29.65935825,23.3814909,28.74994142,23.60117778,66.07583363,30.25147508,67.23649863,5.192652574133085,179.9452385154634
91331,84.0,4.430816798843313,11.48872498126457,0.6931471805599453,0.10250000000000001,-0.5727038998790532,21.0,1.188021754173747,4.0,0.7626935242188175,1.0,1.0,1.0,0.7595160816251454,-0.10649668667342198,0.10649668667342198,34.91285645,19.68729239,18.29839029,28.04597381,19.02959878,19.03710793,30.04634454,28.05749524,29.8399527,16.89405218,22.46135429,20.22533042,19.45351028,14.95285625,59.02348128,28.04940009,60.17342976,5.01892980902619,151.24935145882037
91335,126.0,4.836281906951478,11.21891675481818,0.0,0.0,-0.573833820162574,27.0,2.047413265361967,2.0,-0.38268482092382755,1.0,1.0,0.0,0.6880193731365392,-0.06981835091385916,0.06981835091385916,30.80929314,22.59834831,23.75257423,31.43922679,21.4442661,21.42547772,24.01689794,30.65955971,31.12405603,21.47887035,22.75525703,14.72325611,23.9106086,18.57260401,58.04437091,21.08489836,59.20564925,5.004989366147555,149.15549705240767
91340,129.5,4.863680881139593,10.417059401970144,1.0986122886681096,0.5984,-0.5672372904293173,17.0,0.6150940800482668,1.0,-0.9553739934951502,1.0,1.0,0.0,0.18676728366528336,0.11141553938092101,-0.11141553938092101,38.65491478,23.22398642,21.47965046,31.41661637,22.62381706,22.63180429,33.62915112,31.52087773,33.42688674,20.29178446,26.15686904,23.73000479,22.80678978,18.52452778,62.71695624,31.5124745,63.85966647,4.984796808533389,146.17387072525625
91342,139.5,4.93806460126142,11.443596822832907,4.219507705176107,7.1811,-0.49467215627973676,25.0,1.7609494282992273,6.0,1.9080718693614627,1.0,1.0,2.0,1.1890925864421766,0.22126760514540128,-0.22126760514540128,40.80678087,24.88303179,22.8091515,32.87680486,24.39320885,24.40750531,35.81785517,33.07221189,35.08050345,21.81987043,28.14996014,25.91943936,24.28542849,20.25692605,64.51171124,33.69992599,65.64558942,4.926011310799744,137.82865879566842
91344,246.0,5.5053315359323625,10.875988471047103,0.0,0.0,-0.573833820162574,20.0,1.044789835642377,1.0,-0.9553739934951502,0.0,0.0,0.0,-0.398346564028795,0.17633631598267607,-0.17633631598267607,37.61407145,25.29444286,24.53156114,33.9761303,24.39963005,24.39511597,31.73023738,33.78083618,35.04441153,22.89757508,27.00525071,21.78183927,25.4961104,20.61235333,63.5413143,29.21435612,64.70049207,4.893335275597316,133.397751177202
91350,189.5,5.244389024522481,10.691353829153906,5.204006687076795,41.1616,-0.12008429097069655,11.0,-0.24429743113995359,2.0,-0.38268482092382755,0.0,0.0,0.0,-0.577446087581547,1.2013410269229157,-1.2013410269229157,56.23826042,41.24115253,39.09200337,49.14086929,40.69395125,40.70456885,50.83876462,49.41743439,51.44762335,38.15503195,44.10599084,40.8578311,40.55145708,36.55925797,80.77269489,48.43710433,81.91422742,4.922674382365869,137.36950093964668
91352,113.0,4.727387818712341,10.75577295443437,0.0,0.0,-0.573833820162574,17.0,0.6150940800482668,1.0,-0.9553739934951502,0.0,0.0,0.0,-0.5057705029273225,-0.3882882296253849,0.3882882296253849,31.4491384,14.50914426,11.74334303,21.85326671,14.16897331,14.18860024,27.82533452,22.29078926,24.70171849,11.23755574,18.06038469,18.79086429,13.41672356,10.02885794,54.17040829,26.39740294,55.29728719,4.948123586379204,140.9103096743286
91354,100.0,4.605170185988092,10.432879745875956,3.8712010109078907,13.841000000000001,-0.42125599924344603,6.0,-0.9604570237968039,1.0,-0.9553739934951502,0.0,0.0,0.0,-0.8996582788885902,1.24526496260165,-1.24526496260165,56.28608566,42.26573252,40.57864576,50.53551825,41.60434104,41.61139198,50.26204322,50.62784216,52.41671906,39.405467,44.90043271,40.37064846,41.91882507,37.5306106,81.58997169,47.59547376,82.73947322,4.922494568946547,137.34480228061386
91355,180.0,5.19295685089021,10.279317855514602,5.877735781779639,122.2402,0.773694779267986,14.0,0.1853983244541566,4.0,0.7626935242188175,2.0,2.0,0.0,1.2013980107878537,1.0839980974247672,-1.0839980974247672,53.29258592,39.77640195,38.2820901,48.15869618,39.07136613,39.07558462,47.21119352,48.18508734,49.88302043,37.00959182,42.19515686,37.33720075,39.55009948,35.03701142,78.88747018,44.50818052,80.04125763,5.093088548278615,162.89218630944575
91356,333.0,5.808142489980444,10.339902081288228,0.0,0.0,-0.573833820162574,10.0,-0.38752934967132363,1.0,-0.9553739934951502,0.0,0.0,0.0,-0.7564263603572201,-0.17482080407040412,0.17482080407040412,27.96821983,21.32796484,23.41407827,29.95784669,20.07606112,20.04736769,21.21425161,29.00245594,29.19878084,20.96406689,20.8437029,12.00047419,23.13985597,17.99044395,55.46360646,18.31798948,56.6210772,5.17358557095811,176.54672477783495
91367,180.0,5.19295685089021,10.73400250738888,1.3862943611198906,0.6538,-0.5666265822955899,15.0,0.3286302429855267,3.0,0.190004351647495,1.0,1.0,0.0,0.4014959106852596,0.13745375591023334,-0.13745375591023334,31.71747005,27.2790081,29.28514187,35.75332374,26.00920825,25.98008131,24.39306511,34.69783607,34.54296815,26.85387578,26.31301162,16.44722413,29.10646744,23.88157537,59.6137027,21.1174118,60.7620359,5.178603226336165,177.43480156929039
91381,338.0,5.823045895483019,10.024952689817304,4.663439094112067,46.49720000000001,-0.06126670399749375,5.0,-1.103688942328174,1.0,-0.9553739934951502,0.0,0.0,0.0,-0.9354662585214327,1.079294094859604,-1.079294094859604,52.44091218,40.05440274,38.96528441,48.6435555,39.2484163,39.24677607,46.0501958,48.52749632,49.97685926,37.5085755,42.05493607,36.33314273,40.08879669,35.33310556,78.63897374,43.2063375,79.79784168,5.002985849967871,148.8569607617809
91384,119.0,4.77912349311153,10.1841072449874,5.327876168789581,77.4228,0.2796451274176194,7.0,-0.8172251052654338,7.0,2.4807610419327855,2.0,2.0,4.0,1.380259032786448,1.682609398527014,-1.682609398527014,62.13298154,49.98060868,48.76439067,58.48830628,49.21102487,49.21225696,55.64837777,58.43683616,59.90952457,47.33810782,52.00835413,46.00541754,49.90082531,45.24921764,88.49398675,52.72365995,89.65487472,5.072004076422843,159.49364472118845
91387,162.0,5.087596335232384,10.755133090916752,5.480638923341991,50.9932,-0.01170454209789123,5.0,-1.103688942328174,3.0,0.190004351647495,0.0,0.0,0.0,-0.6491216722357714,0.9693132376019731,-0.9693132376019731,53.40016726,37.14803133,34.32375246,44.44539349,36.81604309,36.83654404,48.32303564,44.86013693,47.30843331,33.78399475,40.64789705,38.37574061,35.95793601,32.6647836,76.75540032,46.08708317,77.86648275,4.969316577754867,143.92848981956064
91390,150.0,5.0106352940962555,9.868326587442539,3.9318256327243257,25.896,-0.28836635028888447,2.0,-1.533384697922284,6.0,1.9080718693614627,0.0,0.0,3.0,-0.32702873170580704,1.475809482926402,-1.475809482926402,62.42797594,45.11527715,42.11440865,51.96859922,44.53317594,44.54240633,58.58875483,52.60165586,55.01909213,41.70997637,48.40674638,48.85676927,43.84930178,40.45961875,84.1139444,56.67787821,85.26148262,5.384570809064513,218.01651331344559
91401,245.0,5.501258210544727,10.577248019295883,3.2188758248682006,6.1176,-0.5063957681970471,14.0,0.1853983244541566,4.0,0.7626935242188175,1.0,1.0,1.0,0.5088602241952478,-0.5494113005662117,0.5494113005662117,25.81123835,12.95322743,13.75862786,21.83830221,11.94977045,11.93682757,20.88716983,21.35657369,22.4018987,11.54156339,14.30583523,11.34056569,14.01545177,8.689029633,50.87981273,19.14671208,52.03183072,5.291013730896935,198.54459421621257
91402,85.0,4.442651256490317,11.093690992776065,0.0,0.0,-0.573833820162574,15.0,0.3286302429855267,2.0,-0.38268482092382755,1.0,1.0,0.0,0.258323617542429,-0.21790573791086565,0.21790573791086565,32.1291308,18.17247645,17.59876533,26.88144896,17.37782419,17.37969108,26.98400214,26.65514939,28.17186474,15.82867415,20.45613915,17.11631456,18.43164909,13.49587541,57.15267746,24.94055164,58.30387645,4.996386591773216,147.87784950102028
91403,241.5,5.486869473092628,10.157897185724337,0.0,0.0,-0.573833820162574,4.0,-1.246920860859544,1.0,-0.9553739934951502,0.0,0.0,0.0,-0.9712742381542752,-0.5732302095203363,0.5732302095203363,23.77159433,13.4580631,15.19168744,22.22851183,12.26881543,12.24856776,18.36737264,21.45020034,22.04551113,12.7664925,13.71383512,8.457594984,15.04788452,9.807826435,49.77928447,16.23280047,50.94009095,5.329125050858803,206.25743042291964
91406,135.0,4.90527477843843,10.858113990675855,0.6931471805599453,0.1925,-0.5717117747520594,17.0,0.6150940800482668,3.0,0.190004351647495,0.0,0.0,0.0,-0.21942591664166125,-0.22969753933121012,0.22969753933121012,29.55602376,19.18821633,20.03930436,28.0657815,18.0771342,18.06098864,23.52815524,27.42341839,28.22989011,17.86292162,19.9270038,13.63480793,20.3716713,15.04073686,55.95724174,21.02994458,57.11901918,5.132988720546969,169.52301859949097
91502,218.5,5.3867860145356445,9.363318936573263,0.6931471805599453,0.8582,-0.5643733558960617,4.0,-1.246920860859544,3.0,0.190004351647495,1.0,1.0,1.0,0.007608134723991966,-0.69299477175668,0.69299477175668,27.8361897,8.675652294,4.681351375,14.74081636,9.024723596,9.064437812,26.05092104,15.35808875,18.06069276,5.059030734,13.4999201,18.96881116,6.608944441,6.203465938,47.33466637,25.62468706,48.43376534,5.205690634838888,182.30673668449361
91504,168.0,5.123963979403259,10.203999469426009,0.6931471805599453,0.37020000000000003,-0.5697528788068728,7.0,-0.8172251052654338,2.0,-0.38268482092382755,0.0,0.0,0.0,-0.720678006112917,-0.5812681830158483,0.5812681830158483,29.24943459,10.60822672,7.732367337,17.77010215,10.58789325,10.62064217,26.79910369,18.1638679,20.60885383,7.095809582,15.00566166,18.84029317,9.266614921,7.004992328,49.98170412,25.99389518,51.0872752,5.072126118723787,159.51311088039947
91505,147.0,4.990432586778736,10.36549051160455,0.0,0.0,-0.573833820162574,9.0,-0.5307612682026936,4.0,0.7626935242188175,1.0,1.0,0.0,0.32982032603103517,-0.7804314563059305,0.7804314563059305,25.42008917,7.323547089,5.681626138,15.22107082,7.054791444,7.076691565,22.96201367,15.41559966,17.48103913,4.17343905,11.25284581,15.33018822,6.638342503,3.188114168,46.95410626,22.25227363,48.07897807,5.129077399279986,168.86125464098436
91601,131.0,4.875197323201151,10.51848398453864,0.0,0.0,-0.573833820162574,14.0,0.1853983244541566,3.0,0.190004351647495,1.0,1.0,0.0,0.3656879310524171,-0.7331722583660736,0.7331722583660736,25.38925367,8.491091115,7.971155799,16.94469094,7.893144665,7.906115347,22.13979759,16.87797258,18.64411248,5.999871179,11.74236268,13.77950297,8.581894385,3.847941926,47.99704723,21.09368413,49.13246922,5.190602848452581,179.57677788960086
91604,224.0,5.4116460518550396,10.388071865096892,0.0,0.0,-0.573833820162574,3.0,-1.390152779390914,2.0,-0.38268482092382755,0.0,0.0,0.0,-0.8639099246442872,-0.8109957891560513,0.8109957891560513,22.3318221,7.809497983,9.213255455,16.69023465,6.733782944,6.721342244,18.77095216,16.14594923,17.32964427,6.774690111,9.502154554,10.44824876,9.11480017,3.833867048,46.15432177,17.68446957,47.30987176,5.304994872425169,201.33997002528665
91605,153.0,5.030437921392435,10.81715484620357,0.0,0.0,-0.573833820162574,9.0,-0.5307612682026936,1.0,-0.9553739934951502,0.0,0.0,0.0,-0.7922343399900627,-0.46816122434338847,0.46816122434338847,29.39534567,13.28453661,12.18543029,21.59125177,12.73852669,12.74741356,25.28684325,21.57735838,23.47333853,10.51643745,16.34612722,16.12272107,13.11817156,8.600431288,52.80463915,23.82159522,53.94709289,4.752137255346305,115.83158183185056
91702,122.0,4.804021044733257,11.017054132986049,4.663439094112067,17.2405,-0.3837812284743849,13.0,0.04216640592278654,5.0,1.33538269679014,1.0,1.0,2.0,0.6162245377052359,0.8927706090159554,-0.8927706090159554,51.07287982,38.98394987,35.83239562,32.96114998,40.29161842,40.33308753,54.62849781,34.83058913,37.41041738,38.34500887,42.27174416,52.75432259,36.44803644,41.27821466,49.17199159,56.18329504,49.68637983,4.705636930282267,110.56868706953526
91706,91.5,4.516338972281476,11.17160348734305,2.0794415416798357,0.9848,-0.5629777665507572,20.0,1.044789835642377,7.0,2.4807610419327855,4.0,4.0,1.0,3.230838341198613,0.5232389945231553,-0.5232389945231553,43.93653836,33.47636712,30.96001725,26.59713444,34.79331378,34.8310712,47.98027929,28.34918273,30.60774508,33.38845777,36.31131169,47.04577425,31.22256581,36.36320052,41.80357338,49.79922647,42.37482007,4.794780672084983,120.87786698490537
91711,153.5,5.033700567027251,10.532895892129066,2.70805020110221,3.7304,-0.5327113360099321,26.0,1.9041813468305973,5.0,1.33538269679014,1.0,1.0,1.0,1.0817282729321884,1.8665107740444187,-1.8665107740444187,66.01458264,56.02210036,53.19573368,49.19746663,57.3388867,57.37799189,70.47339587,50.93453534,53.07291331,55.67995729,58.87298772,69.61897536,53.64984606,58.64749262,57.91495984,72.37058561,58.11932047,4.7387659011946255,114.29306567437179
91722,90.0,4.499809670330265,10.465956409453957,4.836281906951478,35.6136,-0.18124329324360466,11.0,-0.24429743113995359,1.0,-0.9553739934951502,0.0,0.0,0.0,-0.7206183807243776,0.8833405208039147,-0.8833405208039147,50.23329687,39.3769886,36.63995987,32.69110858,40.69395553,40.73290428,54.18922885,34.48031616,36.8365172,39.10570488,42.28289521,52.99275601,37.03222632,42.07894133,46.47283138,55.92988316,46.93122196,4.709541512470906,111.00125554570234
91723,80.5,4.388257184424518,9.783238979939952,1.791759469228055,2.8196,-0.5427516422951096,9.0,-0.5307612682026936,3.0,0.190004351647495,1.0,1.0,1.0,0.18664803288820453,0.9643379187386082,-0.9643379187386082,51.22240249,41.00086932,38.41120968,34.08261459,42.31797443,42.35591459,55.45725964,35.83751965,38.06679311,40.85683246,43.74827351,54.53038058,38.72962598,43.83250933,46.06280442,57.28035754,46.46708503,4.870934556059083,130.44276602752305
91724,111.5,4.7140245909001735,10.252488123663166,4.812184355372417,43.0305,-0.09948226152804365,8.0,-0.6739931867340637,1.0,-0.9553739934951502,0.0,0.0,0.0,-0.8280423196229052,1.093029743328999,-1.093029743328999,53.12269928,43.16882668,40.4003258,36.20482748,44.4856213,44.52471954,57.42850012,37.87428921,40.02966868,42.86246187,45.98335229,56.79132983,40.80843376,45.83376453,48.32648037,59.28945384,48.69789799,4.629536504068312,102.46656026860664
91731,103.0,4.634728988229636,10.226331631955956,2.8903717578961645,6.155,-0.5059834850887186,12.0,-0.10106551260858351,3.0,0.190004351647495,1.0,1.0,1.0,0.29407197178673206,0.15814434790380347,-0.15814434790380347,37.88305132,27.28259392,25.06726182,20.17545843,28.59617518,28.63243261,41.69194202,21.98592142,24.39018996,27.43065416,29.8231924,40.67196174,25.17524119,30.39264513,38.30287095,43.42220833,39.01458499,4.784645123161759,119.65889137915245
91732,72.0,4.276666119016055,10.95835691825632,1.0986122886681096,0.3482,-0.5699953982823601,13.0,0.04216640592278654,3.0,0.190004351647495,0.0,0.0,0.0,-0.3626578351730313,0.23711546421061314,-0.23711546421061314,38.90425516,28.78914982,26.63639786,21.64249416,30.10130948,30.1374528,42.87091707,23.33208581,25.49028439,29.01000706,31.34774434,42.18101848,26.73015391,31.95021335,38.36119266,44.7308697,39.00563031,4.567891304349978,96.3407421241273
91733,96.0,4.564348191467836,10.627551835730795,6.437751649736401,151.2544,1.0935360777082548,10.0,-0.38752934967132363,1.0,-0.9553739934951502,0.0,0.0,0.0,-0.7564263603572201,0.061995202928536726,-0.061995202928536726,35.66929436,26.01633031,24.15409707,18.58005805,27.31818685,27.35190522,39.81189318,20.26932212,22.41522461,26.44559018,28.38632827,39.25103828,24.08326493,29.38148473,35.74708834,41.68369973,36.44366285,4.625349286144861,102.03840746100987
91740,154.5,5.0401940963378005,10.172330783101328,1.6094379124341003,1.5286,-0.5569831260612099,10.0,-0.38752934967132363,1.0,-0.9553739934951502,0.0,0.0,0.0,-0.7564263603572201,1.1100368643559344,-1.1100368643559344,54.27702854,42.95222149,39.87154513,36.56712823,44.26296232,44.30393069,58.09925228,38.374955,40.78712721,42.37743074,46.09573819,56.69950723,40.4512609,45.32935655,50.34071179,59.81807645,50.77110965,4.638393692594207,103.37815704321169
91741,182.5,5.206750173022546,10.168617220517397,1.9459101490553132,2.3013999999999997,-0.5484640783040896,12.0,-0.10106551260858351,5.0,1.33538269679014,2.0,2.0,1.0,1.2729543446649991,1.1555242856376313,-1.1555242856376313,55.37431665,43.46106439,40.15653641,37.39246769,44.76871257,44.81079743,59.05530113,39.26628789,41.79278928,42.67795866,46.7094949,57.22866245,40.86434908,45.60258123,52.13557548,60.5946096,52.57215849,4.81694238945839,123.58663269502848
91744,112.0,4.718498871295094,11.250820166968028,6.594413459749778,94.8767,0.47205015801803607,28.0,2.1906451838933374,2.0,-0.38268482092382755,1.0,1.0,0.0,0.7238273527693817,0.6699722705582608,-0.6699722705582608,45.18861616,36.90450183,35.10188409,29.17153834,38.19376091,38.22561137,49.89233936,30.76550204,32.56057621,37.3989914,39.03450515,49.95915897,35.02011992,40.33405428,38.8768765,51.98989833,39.21567849,4.674783542692978,107.20935833129026
91745,71.0,4.2626798770413155,10.903236690400366,6.398594934535208,110.39359999999999,0.6431024511630412,18.0,0.7583259985796368,3.0,0.190004351647495,0.0,0.0,0.0,-0.18361793700881876,0.5427216399008815,-0.5427216399008815,41.67060777,35.66449947,34.35597117,27.36170153,36.92596363,36.95487045,46.93996941,28.69636092,29.95069083,36.51356674,37.18735497,48.11912991,34.06146808,39.3998207,34.0298571,49.28191647,34.46139264,4.707934716612449,110.8230424024207
91746,75.0,4.31748811353631,10.253721799644874,5.537334267018537,89.1253,0.40864895295812187,14.0,0.1853983244541566,1.0,-0.9553739934951502,0.0,0.0,0.0,-0.6131944418258501,0.39160483234274196,-0.39160483234274196,40.91507912,31.98804473,29.88255443,24.41829462,33.29256597,33.32671558,45.39722196,26.05483913,28.00930489,32.23390436,34.25975818,45.16841987,29.95126673,35.19507473,37.44484021,47.38769279,37.96988525,4.944542030231197,140.4065341770286
91748,62.0,4.127134385045092,10.656411937131933,7.093404625868766,283.3055,2.5492162372324114,16.0,0.4718621615168967,1.0,-0.9553739934951502,0.0,0.0,0.0,-0.541578482560165,0.887037923010443,-0.887037923010443,47.27818048,41.54689575,40.2412002,33.28181769,42.81370383,42.84298473,52.7781439,34.62596482,35.8664341,42.41538095,43.1124275,54.04292462,39.96257015,45.30144349,36.93429973,55.15471653,37.14278505,4.593104943204928,98.80072504162958
91750,85.0,4.442651256490317,10.394916266691387,3.258096538021482,7.6471,-0.4895351528444132,10.0,-0.38752934967132363,5.0,1.33538269679014,1.0,1.0,2.0,0.5088005988067084,1.5967944453892153,-1.5967944453892153,61.91851703,51.31532155,48.40568006,44.7678621,52.63115583,52.67076736,66.23408582,46.57133307,48.83525246,50.90641415,54.30084112,64.96899767,48.90989749,53.86244969,55.1051823,68.01174828,55.36227087,4.847827482776509,127.46317288729642
91754,149.0,5.003946305945459,10.38124231399123,3.1780538303479458,7.1322,-0.4952112109320701,10.0,-0.38752934967132363,7.0,2.4807610419327855,3.0,3.0,1.0,2.1802207582775814,-0.3699840081621726,0.3699840081621726,28.90483089,18.22358507,17.08065295,10.80609724,19.52129867,19.55439744,32.34526093,12.58155821,15.12252222,19.11375717,20.55169521,31.40497311,16.61253131,21.93691478,33.74661762,34.01721159,34.62108076,5.121009816412553,167.50443297085414
91765,267.0,5.58724865840025,10.703311881612331,6.359573868672378,129.6571,0.855455810983547,14.0,0.1853983244541566,2.0,-0.38268482092382755,0.0,0.0,0.0,-0.47002214868301945,1.3326221905159292,-1.3326221905159292,55.45387362,48.53005586,46.65774839,40.61193793,49.82490106,49.85706864,60.68171162,42.05496597,43.54982147,48.98619234,50.4883061,61.44033234,46.63976874,51.92772512,44.4235849,62.95338359,44.54379582,4.7059720523983515,110.60574729142179
91766,79.0,4.3694478524670215,11.14660414397969,0.6931471805599453,0.1442,-0.5722442152368794,18.0,0.7583259985796368,6.0,1.9080718693614627,2.0,2.0,1.0,1.630974515604885,1.5827077249539727,-1.5827077249539727,60.18982791,52.14591572,49.94016923,44.58465821,53.45467978,53.48962172,65.17435726,46.17857006,47.89743076,52.32970941,54.42956119,65.3450507,50.08103807,55.29858783,50.10164084,67.32837308,50.24672105,4.519481810644436,91.78802207655012
91767,104.5,4.6491870714048655,10.802693161352469,1.0986122886681096,0.4069,-0.5693483122273096,19.0,0.9015579171110069,2.0,-0.38268482092382755,0.0,0.0,0.0,-0.2909822505188069,1.7454440412085779,-1.7454440412085779,63.91499634,54.22422927,51.45256054,47.18997783,55.54046637,55.57884552,68.435907,48.91922421,51.03999083,53.91629646,56.89892538,67.72879316,51.86025455,56.88818888,55.16521919,70.33862904,55.36469492,4.468940539968429,87.26422106662943
91768,167.5,5.120983351265121,10.440010162389305,0.6931471805599453,0.2924,-0.5706105158610962,13.0,0.04216640592278654,4.0,0.7626935242188175,1.0,1.0,0.0,0.47305224456240524,1.5971907188388983,-1.5971907188388983,61.25729768,51.88201831,49.27881572,44.78567269,53.19892854,53.23664164,65.88972047,46.47713283,48.5008851,51.73242993,54.54838474,65.37426396,49.61590641,54.70762853,52.87558146,67.86040883,53.08610335,4.938549293383005,139.56763093972887
91770,90.0,4.499809670330265,10.974780030549274,7.207118856207756,230.89309999999998,1.9714422482762881,17.0,0.6150940800482668,2.0,-0.38268482092382755,0.0,0.0,0.0,-0.36259820978449187,-0.15336162814434656,0.15336162814434656,31.8728328,22.4006183,20.79246639,14.79354054,23.71255891,23.74831044,35.92440508,16.41930577,18.53130312,22.95611656,24.66221247,35.59759457,20.54417935,25.86536658,33.99205362,37.8067648,34.81623021,4.580180694094025,97.53201607420539
91773,103.0,4.634728988229636,10.42225158360364,6.408528791059498,180.3679,1.4144720208719737,18.0,0.7583259985796368,4.0,0.7626935242188175,1.0,1.0,1.0,0.6520921427266178,1.325716709622754,-1.325716709622754,57.37842792,46.82435079,44.02073661,40.16040294,48.14044465,48.17995864,61.58025268,41.93284983,44.19185697,46.50600676,49.77358181,60.47472234,44.45299904,49.47295749,51.57786561,63.38254061,51.91301148,4.723132909364551,112.52021668479921
91775,97.5,4.579852378003801,10.072090437189145,4.836281906951478,52.80499999999999,0.008268039069746604,6.0,-0.9604570237968039,2.0,-0.38268482092382755,0.0,0.0,0.0,-0.7564859857457595,-0.03212579534716439,0.03212579534716439,36.38574394,22.81886364,19.84905881,17.45317874,24.12868379,24.16978867,39.07778003,19.39934646,22.38495667,22.3314732,26.26868934,36.5888888,20.34639148,25.29426712,41.20961413,40.37195753,42.00624002,4.897161974136367,133.90920211690198
91776,121.0,4.795790545596741,10.51740211387893,3.6635616461296463,10.283600000000002,-0.46047139842975526,13.0,0.04216640592278654,2.0,-0.38268482092382755,1.0,1.0,0.0,0.18670765827674396,-0.17137619972392373,0.17137619972392373,32.88292204,21.25731932,19.04956588,14.55824302,22.57188075,22.6083978,36.19884343,16.42900873,19.04809663,21.38053606,24.04943725,34.76692837,19.10226447,24.33736542,36.99005708,37.78915771,37.81796048,4.781043531377989,119.22870404370583
91780,117.0,4.762173934797756,10.479791880329213,6.073044534100405,121.67020000000001,0.7674113201303585,12.0,-0.10106551260858351,2.0,-0.38268482092382755,1.0,1.0,0.0,0.15089967864390144,0.02664106878838242,-0.02664106878838242,36.74955783,24.21396877,21.60647832,18.15054344,25.53122281,25.56965712,39.8089096,20.0494156,22.87262438,24.05379826,27.31498773,37.85627456,21.8840551,27.0291725,40.34203589,41.30011972,41.10105629,4.762666891169552,117.0576901136864
91789,107.0,4.672828834461906,10.604081933731123,5.60947179518496,67.4971,0.17022805660647947,17.0,0.6150940800482668,4.0,0.7626935242188175,1.0,1.0,0.0,0.6162841630937753,1.0792463257313327,-1.0792463257313327,51.19897367,44.37243325,42.39170174,36.351531,45.66173748,45.69450203,56.44540194,37.82476793,39.38858407,44.7552923,46.21289588,57.15559092,42.46023584,47.7179829,41.20649099,58.75255999,41.41555515,4.83764553226947,126.17193399019574
91790,105.0,4.653960350157523,10.707974835338897,0.0,0.0,-0.573833820162574,14.0,0.1853983244541566,4.0,0.7626935242188175,1.0,1.0,1.0,0.5088602241952478,0.7033460225247907,-0.7033460225247907,46.55903821,36.82257893,34.39211022,29.64292094,38.13830172,38.17528085,50.90305613,31.35784353,33.50453932,36.80378048,39.39036613,50.2469905,34.62173731,39.77355608,42.44788704,52.77984806,42.90501204,4.636905886301918,103.22446473122268
91791,115.5,4.749270529961848,10.405141242419408,0.6931471805599453,0.3028,-0.5704958702908659,14.0,0.1853983244541566,2.0,-0.38268482092382755,0.0,0.0,0.0,-0.47002214868301945,0.877850317934307,-0.877850317934307,49.12657447,39.96548927,37.67471464,32.52577112,41.27622378,41.31162818,53.51113057,34.16589177,36.12342341,40.05278869,42.35473883,53.24888129,37.80980341,43.02028474,44.02120663,55.49380332,44.4170006,4.638100432929548,103.34784484443401
91792,154.0,5.0369526024136295,10.329735199826821,1.9459101490553132,1.9588999999999999,-0.5522396655929273,4.0,-1.246920860859544,1.0,-0.9553739934951502,0.0,0.0,0.0,-0.9712742381542752,0.8993118564539453,-0.8993118564539453,48.87846851,40.93159617,39.06368048,33.20619521,42.2326252,42.26631314,53.80426458,34.76816743,36.50004032,41.35867743,43.08116292,54.01681549,39.01584002,44.31001585,40.17307577,55.92926543,40.45182569,4.721054394018864,112.28658457579368
91801,139.0,4.9344739331306915,10.885228889472822,0.0,0.0,-0.573833820162574,13.0,0.04216640592278654,5.0,1.33538269679014,1.0,1.0,1.0,0.6162245377052359,-0.3192566346936106,0.3192566346936106,30.74598753,18.39754393,16.18227396,12.07807829,19.71258459,19.7493134,33.72704448,13.97001505,16.78427041,18.50508587,21.33354446,31.93858493,16.24258523,21.47142793,37.09606489,35.19183987,37.98744944,4.6800477228961626,107.77521579410701
91803,136.0,4.912654885736052,10.229765142747272,0.0,0.0,-0.573833820162574,10.0,-0.38752934967132363,1.0,-0.9553739934951502,0.0,0.0,0.0,-0.7564263603572201,-0.39865782302665326,0.39865782302665326,28.83939286,17.36402698,15.80273395,10.4171132,18.67758965,18.71382128,32.04621107,12.2971714,14.94367172,17.9444335,19.99271085,30.75786613,15.48329078,20.81562807,35.16808096,33.66449992,36.06492853,4.7613695468441435,116.905924451119
93510,137.0,4.919980925828125,8.960210955576986,4.02535169073515,70.6396,0.2048697589573472,5.0,-1.103688942328174,2.0,-0.38268482092382755,0.0,0.0,1.0,-0.7922939653786021,1.3116693380139899,-1.3116693380139899,61.23307224,42.24595236,37.86509253,46.19313767,42.5138546,42.54992019,58.47429436,47.56946518,50.85099402,38.63132309,46.97070091,49.82164671,39.94554707,38.99323822,78.0930807,57.39752578,79.07105797,5.050256685893501,156.06251839251436
93532,175.0,5.1647859739235145,7.983098940710892,2.8903717578961645,58.0205,0.06576169017903867,1.0,-1.6766166164536542,4.0,0.7626935242188175,0.0,0.0,2.0,-0.6491812976243109,2.679544767971444,-2.679544767971444,81.73465948,64.95832658,61.75089242,71.7302214,64.70149878,64.72238352,76.65254926,72.4282468,75.00228076,61.49296661,68.71541518,66.68670098,63.5917289,60.56977255,104.3998369,74.33641971,105.5021132,5.183022909914968,178.22074277445864
93534,89.0,4.48863636973214,10.631784671878874,6.637258031284457,183.9247,1.4536808058907695,22.0,1.331253672705117,4.0,0.7626935242188175,2.0,2.0,0.0,1.4878618478505938,2.881909088098176,-2.881909088098176,86.95380243,67.88966498,63.41641607,71.83158942,68.18276932,68.21935608,83.96963353,73.17648249,76.42413321,64.27129026,72.65581298,74.81810165,65.51296238,64.65670679,103.7017466,82.58404474,104.6661061,4.478302120944264,88.08498798213795
93535,62.5,4.135166556742356,11.282379583889256,6.645090969505644,96.7145,0.4923093531112499,28.0,2.1906451838933374,2.0,-0.38268482092382755,0.0,0.0,0.0,0.03128956617677575,2.8953950408700635,-2.8953950408700635,87.35516523,68.14692695,63.55967389,71.46520743,68.54203381,68.5810975,84.84927946,72.92515036,76.23079442,64.57272912,73.01928687,75.93504461,65.6598376,65.22304761,102.7882369,83.5991177,103.7138556,4.260629782867255,70.85459241419161
93536,74.5,4.310799125385514,11.2038563106368,6.082218910376446,59.5271,0.08236986480491533,19.0,0.9015579171110069,8.0,3.053450214504108,0.0,0.0,3.0,0.568051508338177,2.670340397984786,-2.670340397984786,83.3233879,64.39879195,60.04846997,68.77886825,64.62224731,64.65714672,80.03864936,70.05223137,73.2474623,60.76193168,69.07711077,70.76541485,62.13382448,61.00977807,101.1527839,78.55911833,102.1432323,4.521516508375626,91.97497308671981
93543,59.5,4.085976312551584,9.415401415739627,5.0238805208462765,123.0143,0.7822281577213851,4.0,-1.246920860859544,1.0,-0.9553739934951502,0.0,0.0,0.0,-0.9712742381542752,2.4296483296913056,-2.4296483296913056,79.90369769,60.95914921,56.05722754,61.8986522,61.69392245,61.73908842,79.06537455,63.64349145,67.10567347,57.75745059,65.97157057,71.59307995,58.04590709,59.23562696,90.56319721,78.63237114,91.37055026,4.694791295099506,109.37597895675749
93550,68.0,4.219507705176107,11.297824485299204,7.158513997329321,159.2163,1.1813049782483893,23.0,1.4744855912364871,6.0,1.9080718693614627,1.0,1.0,1.0,1.1174766271764915,2.16998810424578,-2.16998810424578,75.60124655,56.38667044,51.76103099,59.43624466,56.78751378,56.82661624,73.18281458,60.98260062,64.33529898,52.81922315,61.26483658,64.50601002,53.86091819,53.50105823,90.34362803,72.05986423,91.25608916,4.496851160669323,89.7341276174482
93551,111.0,4.709530201312334,10.9034022639752,6.85751406254539,174.7609,1.3526626254602583,15.0,0.3286302429855267,2.0,-0.38268482092382755,0.0,0.0,0.0,-0.4342141690501769,2.251112544727227,-2.251112544727227,76.59794134,57.51683877,53.01660203,61.83603642,57.81243619,57.84919261,73.74140113,62.98402757,66.04015367,53.91268135,62.28566681,64.63460614,55.11538006,54.3359871,93.81753848,72.38979038,94.79553143,4.47209848237523,87.5402320349241
93553,233.0,5.4510384535657,7.1853870155804165,3.091042453358316,159.21149999999997,1.181252064908283,1.0,-1.6766166164536542,1.0,-0.9553739934951502,0.0,0.0,0.0,-1.0786981770528028,2.1619881007103183,-2.1619881007103183,75.1660293,57.11490279,52.28811896,56.34000382,58.04823931,58.09546965,75.46776099,58.22047736,61.64102639,54.34206724,61.99040061,69.16959821,54.08408392,56.3207176,82.42470855,75.54642601,83.13939336,5.176586469659554,177.0773193470575
93591,94.0,4.543294782270004,8.861066543517762,3.713572066704308,56.7295,0.05153020641293848,3.0,-1.390152779390914,1.0,-0.9553739934951502,0.0,0.0,0.0,-1.0070822177871177,3.167371572377032,-3.167371572377032,91.92961372,73.25304625,68.34928613,73.47488845,74.05974268,74.10582751,91.51376576,75.29512034,78.75321998,70.17770519,78.24105234,84.34789093,70.28172468,71.81439799,100.5443875,91.2352922,101.2736383,4.794504109635717,120.84444132830384
