ZIP_CODE,Population,Count_Public_Safety,Count_Fire_Stations,Count_Police_Stations,Count_Corrective_Facility,Count_Education_Facility,Crime_Per_Capita,Education_Per_Capita,Public_Safety_Per_Capita,amenities_index,Education_Per_10k,Education_z,Public_Safety_Per_10k,Public_Safety_z,Crime_Per_10k,Crime_z,crime_events,violent_crime_events,property_crime_events,part1_events,crime_events_per_capita,crime_events_per_10k,crime_events_z,violent_crime_per_capita,violent_crime_per_10k,property_crime_per_capita,property_crime_per_10k
90001,56189,1,0,0,0,21,0.01888,0.000373739,1.8e-05,-0.12443560189346914,3.73739,0.15150988852745534,0.18,-0.1287228280789623,188.8,0.000981509841559253,3571.0,1568.0,1828.0,2189.0,0.06355336453754294,635.5336453754294,-0.416406462779201,0.027905817864706615,279.05817864706614,0.0325330580718646,325.330580718646
90002,52122,1,0,0,0,14,0.00376,0.000268601,1.9e-05,-0.4462346875767851,2.68601,-0.35308720897699813,0.19,-0.12814227149929686,37.6,-0.06943777977920364,10385.0,4358.0,5446.0,5824.0,0.1992440811941215,1992.4408119412149,-0.07902935700414823,0.08361152680250182,836.1152680250182,0.10448562986838571,1044.8562986838572
90003,70065,3,1,1,1,24,0.00011,0.000342539,4.3e-05,0.9630383357348474,3.42539,0.0017692672284107952,0.43,-0.11420891358732614,1.1,-0.08643714532918939,26447.0,12230.0,12664.0,15192.0,0.3774637836294869,3774.637836294869,0.3640904737497239,0.17455220152715337,1745.5220152715337,0.1807464497252551,1807.4644972525512
90004,58484,1,0,0,0,22,3e-05,0.000376171,1.7e-05,-0.07846430393870969,3.7617100000000003,0.16318197798256046,0.17,-0.12930338465862773,0.3,-0.08680973416316168,14917.0,4206.0,9985.0,9170.0,0.2550612133233021,2550.6121332330213,0.059752594734432146,0.07191710553313727,719.1710553313726,0.17073045619314683,1707.3045619314682
90005,39142,1,0,0,0,13,5e-05,0.000332124,2.6e-05,-0.49220598553154454,3.32124,-0.04821626388792091,0.26,-0.12407837544163872,0.5,-0.08671658695466859,10337.0,3233.0,6602.0,6297.0,0.26408972459250935,2640.8972459250936,0.08220079956757323,0.08259669919779265,825.9669919779266,0.16866792703489858,1686.6792703489857
90006,55527,2,1,1,0,13,2e-05,0.00023412,3.6e-05,0.4573540582324937,2.3411999999999997,-0.5185745924068813,0.36,-0.11827280964498425,0.2,-0.08685630776740821,14678.0,5239.0,8599.0,8312.0,0.2643398706935365,2643.3987069353648,0.08282275492063575,0.09435049615502368,943.5049615502368,0.15486159886181497,1548.6159886181497
90007,38715,1,0,0,0,22,0.00013,0.000568255,2.6e-05,-0.07846430393870969,5.68255,1.0850658722647937,0.26,-0.12407837544163872,1.2999999999999998,-0.0863439981206963,15807.0,4032.0,10941.0,10180.0,0.4082913599380085,4082.913599380085,0.4407391843564445,0.10414567996900426,1041.4567996900425,0.2826036419992251,2826.036419992251
90011,100113,3,1,1,0,38,5e-05,0.000379571,3e-05,1.6066365071014792,3.7957099999999997,0.17949986620104597,0.3,-0.12175614912297694,0.5,-0.08671658695466859,21809.0,8384.0,11962.0,12293.0,0.21784383646479477,2178.4383646479478,-0.03278351383990399,0.08374536773446006,837.4536773446006,0.11948498197037348,1194.8498197037347
90012,37336,8,1,1,5,8,0.00654,0.00021427,0.000214,0.2274975684586966,2.1427,-0.6138422633295105,2.14,-0.014933738464534751,65.39999999999999,-0.05649031779866654,19499.0,5342.0,13027.0,10712.0,0.522257338761517,5222.573387615171,0.7241005891724323,0.14307906578101565,1430.7906578101565,0.34891257767302336,3489.1257767302336
90014,10224,2,1,1,0,0,0.0,0.0,0.000196,-0.14027281517937876,0.0,-1.6422051776162503,1.96,-0.025383756898512792,0.0,-0.08694945497590129,7494.0,2680.0,4519.0,5122.0,0.732981220657277,7329.81220657277,1.248037783576135,0.2621283255086072,2621.283255086072,0.4419992175273865,4419.9921752738655
90015,24704,4,3,3,0,15,0.00089,0.000607189,0.000162,2.4484167416700893,6.07189,1.2719248898820048,1.62,-0.04512268060713797,8.9,-0.08280440419795956,19884.0,5435.0,13642.0,13348.0,0.804889896373057,8048.898963730569,1.4268292402865264,0.22000485751295337,2200.0485751295337,0.5522182642487047,5522.182642487047
90016,46457,1,0,0,0,11,0.0,0.000236778,2.2e-05,-0.5841485814410633,2.3677799999999998,-0.5058178433231357,0.22,-0.12640060176030052,0.0,-0.08694945497590129,13198.0,4086.0,8355.0,7386.0,0.2840906644854381,2840.9066448543813,0.13193050385482638,0.08795229997632219,879.5229997632218,0.17984372645672342,1798.4372645672343
90017,30172,1,1,1,0,16,3e-05,0.000530293,3.3e-05,0.595267952096772,5.302930000000001,0.902871850926514,0.33,-0.12001447938398059,0.3,-0.08680973416316168,17474.0,5177.0,11706.0,11356.0,0.5791462282911308,5791.462282911309,0.8655473246100056,0.1715829245658226,1715.829245658226,0.3879756065226037,3879.756065226037
90018,48745,2,0,0,0,16,0.0,0.000328239,4.1e-05,-0.3542920916672663,3.2823900000000004,-0.06686185086698447,0.41000000000000003,-0.11537002674665703,0.0,-0.08694945497590129,11631.0,3894.0,6963.0,6521.0,0.2386090881116012,2386.090881116012,0.018846551015756493,0.07988511642219714,798.8511642219714,0.14284542004308134,1428.4542004308134
90019,59548,2,1,1,1,15,2e-05,0.000251898,3.4e-05,0.5492966541420126,2.51898,-0.43325123453975245,0.34,-0.11943392280431515,0.2,-0.08685630776740821,16951.0,4882.0,10953.0,9994.0,0.2846611137233828,2846.6111372338282,0.13334885079580727,0.08198428158796266,819.8428158796265,0.1839356485524283,1839.356485524283
90021,2897,1,0,0,0,8,0.00207,0.002761477,0.000345,-0.7220624753053416,27.61477,11.611169235301112,3.4499999999999997,0.061119173471638755,20.7,-0.07730871889686827,8913.0,2598.0,5958.0,6606.0,3.0766309975837074,30766.309975837074,7.075214455440611,0.8967897825336555,8967.897825336555,2.0566102865032794,20566.102865032793
90022,60343,3,1,1,0,25,0.023,0.000414298,5e-05,1.0090096336896066,4.14298,0.3461678968373256,0.5,-0.110145017529668,230.0,0.020169834791132202,6521.0,1366.0,4467.0,3799.0,0.18883563988459093,1888.3563988459093,-0.10490857624009935,0.04397951917534163,439.7951917534163,0.12229764193510417,1222.9764193510418
90023,43857,2,0,0,0,19,0.00321,0.000433226,4.6e-05,-0.21637819780298803,4.33226,0.4370105404254125,0.46,-0.11246724384832979,32.1,-0.07199932801276313,8972.0,2528.0,5907.0,5687.0,0.2045739562669585,2045.7395626695852,-0.06577732421573436,0.05764188156964681,576.4188156964681,0.1346877351392024,1346.8773513920241
90024,51675,2,0,0,0,7,2e-05,0.000135462,3.9e-05,-0.7680337732601009,1.3546200000000002,-0.9920717147184561,0.39,-0.11653113990598792,0.2,-0.08685630776740821,6105.0,1146.0,4627.0,3620.0,0.1181422351233672,1181.422351233672,-0.2806784216900952,0.022177068214804065,221.77068214804063,0.08954039671020803,895.4039671020803
90025,46508,1,1,1,0,11,6e-05,0.000236518,2.2e-05,0.3654114623229749,2.36518,-0.5070656818339612,0.22,-0.12640060176030052,0.6,-0.08667001335042207,13488.0,1916.0,11025.0,9293.0,0.29001462114044896,2900.14621140449,0.1466596422973826,0.041197213382643844,411.97213382643844,0.23705599036724864,2370.5599036724866
90026,62692,1,0,0,0,22,0.0,0.000350922,1.6e-05,-0.07846430393870969,3.50922,0.0420024604447534,0.16,-0.1298839412382932,0.0,-0.08694945497590129,17254.0,3759.0,12661.0,11654.0,0.2752185286798954,2752.1852867989537,0.10987110602812833,0.05995980348369808,599.5980348369808,0.20195559242008548,2019.5559242008549
90027,46558,1,0,0,0,9,4e-05,0.000193307,2.1e-05,-0.6760911773505822,1.93307,-0.7144516429542499,0.21,-0.12698115833996595,0.4,-0.08676316055891514,13055.0,2844.0,9621.0,8368.0,0.28040293827054424,2804.0293827054425,0.12276145804294128,0.061085098157137335,610.8509815713734,0.20664547446196144,2066.4547446196143
90028,32883,4,1,1,1,16,6e-05,0.000486574,0.000122,0.595267952096772,4.86574,0.6930478053312275,1.22,-0.06834494379375584,0.6,-0.08667001335042207,24077.0,8035.0,14175.0,14556.0,0.7322020496913298,7322.020496913298,1.2461004775328592,0.24435118450263055,2443.5118450263053,0.43107380713438553,4310.738071343855
90029,33303,1,0,0,0,7,0.0003,0.000210191,3e-05,-0.7680337732601009,2.10191,-0.6334189298128055,0.3,-0.12175614912297694,2.9999999999999996,-0.0855522468485052,8035.0,2627.0,4939.0,4608.0,0.24126955529531874,2412.6955529531874,0.025461452466412314,0.07888178242200403,788.8178242200403,0.14830495751133532,1483.0495751133533
90031,36127,1,0,0,0,18,0.0,0.000498242,2.8e-05,-0.2623494957577474,4.982419999999999,0.7490469581939599,0.27999999999999997,-0.12291726228230783,0.0,-0.08694945497590129,7209.0,2189.0,4629.0,4356.0,0.19954604589365293,1995.4604589365294,-0.07827856152687182,0.060591801145957316,605.9180114595731,0.1281313145292994,1281.313145292994
90032,43117,3,1,1,0,15,0.00014,0.000347891,7e-05,0.5492966541420126,3.4789100000000004,0.02745554303586241,0.7,-0.09853388593635908,1.4,-0.08629742451644977,6516.0,2052.0,4019.0,3645.0,0.15112368671289747,1511.2368671289746,-0.19867438371528168,0.04759143725212793,475.9143725212793,0.09321149430619013,932.1149430619014
90033,45647,4,2,2,1,21,0.00105,0.000460052,8.8e-05,1.7746844856346076,4.60052,0.5657586784692642,0.88,-0.08808386750238104,10.5,-0.08205922653001498,11872.0,4276.0,6905.0,6794.0,0.2600828093850636,2600.8280938506364,0.07223813234107844,0.09367537844765264,936.7537844765264,0.1512695248318619,1512.695248318619
90034,57075,1,0,0,0,14,4e-05,0.000245291,1.8e-05,-0.4462346875767851,2.45291,-0.4649607308513803,0.18,-0.1287228280789623,0.4,-0.08676316055891514,12101.0,2341.0,9210.0,8015.0,0.21201927288655278,2120.192728865528,-0.04726552448034816,0.04101620674551029,410.16206745510294,0.16136662286465178,1613.6662286465178
90035,29000,1,0,0,0,16,3e-05,0.000551724,3.4e-05,-0.3542920916672663,5.517239999999999,1.0057273398707387,0.34,-0.11943392280431515,0.3,-0.08680973416316168,6521.0,1351.0,4760.0,3799.0,0.22486206896551725,2248.6206896551726,-0.015333602548309632,0.04658620689655173,465.86206896551727,0.16413793103448276,1641.3793103448277
90036,39278,1,0,0,0,13,0.0,0.000330974,2.5e-05,-0.49220598553154454,3.30974,-0.05373554960887929,0.25,-0.12465893202130417,0.0,-0.08694945497590129,12703.0,2146.0,9829.0,8977.0,0.3234125973827588,3234.125973827588,0.22969931399350954,0.05463618310504608,546.3618310504609,0.2502418656754417,2502.418656754417
90037,65482,1,0,0,0,15,2e-05,0.000229071,1.5e-05,-0.40026338962202573,2.29071,-0.5428066564113324,0.15,-0.13046449781795863,0.2,-0.08685630776740821,20180.0,8544.0,10260.0,11764.0,0.30817629272166397,3081.7629272166396,0.19181624803346323,0.13047860480742798,1304.7860480742797,0.1566842796493693,1566.842796493693
90038,27127,1,0,0,0,8,0.00052,0.000294909,3.7e-05,-0.7220624753053416,2.94909,-0.22682514919702168,0.37,-0.1176922530653188,5.199999999999999,-0.0845276275550814,9689.0,3024.0,6067.0,5593.0,0.35717182143252113,3571.718214325211,0.3136371808112259,0.11147565156486158,1114.7565156486157,0.2236517123161426,2236.517123161426
90039,28884,1,0,0,0,8,0.0,0.00027697,3.5e-05,-0.7220624753053416,2.7697000000000003,-0.3129212070650843,0.35,-0.1188533662246497,0.0,-0.08694945497590129,5569.0,874.0,4385.0,3754.0,0.19280570558094448,1928.0570558094448,-0.09503753047237369,0.030258966902091122,302.58966902091123,0.15181415316438165,1518.1415316438165
90040,11430,5,0,0,1,3,0.0776,0.000262467,0.000437,-0.9519189650791388,2.62467,-0.3825265990747012,4.37,0.11453037880085985,776.0,0.2744617139772204,6521.0,1366.0,4467.0,3799.0,0.18883563988459093,1888.3563988459093,-0.10490857624009935,0.04397951917534163,439.7951917534163,0.12229764193510417,1222.9764193510418
90041,27920,2,0,0,0,9,0.0,0.00032235,7.2e-05,-0.6760911773505822,3.2235,-0.09512539313717926,0.72,-0.09737277277702819,0.0,-0.08694945497590129,3947.0,815.0,2886.0,2508.0,0.14136819484240687,1413.6819484240687,-0.22293013011986526,0.02919054441260745,291.9054441260745,0.10336676217765042,1033.6676217765041
90042,56835,1,0,0,0,16,0.0,0.000281517,1.8e-05,-0.3542920916672663,2.81517,-0.2910984312623038,0.18,-0.1287228280789623,0.0,-0.08694945497590129,8255.0,2116.0,5498.0,4813.0,0.14524500747778657,1452.4500747778657,-0.21329094581319774,0.03723057974839448,372.3057974839448,0.09673616609483593,967.3616609483593
90043,42377,1,0,0,0,23,0.00526,0.000542747,2.4e-05,-0.03249300598395033,5.42747,0.962643315595049,0.24000000000000002,-0.12523948860096962,52.6,-0.06245173914222319,10620.0,4021.0,5920.0,5728.0,0.25060764093730087,2506.0764093730086,0.048679373227675876,0.0948863770441513,948.863770441513,0.13969842131344834,1396.9842131344833
90044,94830,1,0,0,0,26,0.00787,0.000274175,1.1e-05,0.105420887880328,2.7417499999999997,-0.32633547105645727,0.11,-0.13278672413662043,78.7,-0.05029602843387722,24697.0,11059.0,12190.0,14362.0,0.26043446166824846,2604.3446166824847,0.07311246945465091,0.11661921332911526,1166.1921332911527,0.12854581883370242,1285.4581883370242
90045,41786,5,1,1,0,19,0.00098,0.000454698,0.00012,0.7331818459610502,4.5469800000000005,0.5400628039040372,1.2,-0.06950605695308673,9.799999999999999,-0.08238524175974073,19339.0,2945.0,15594.0,12904.0,0.46281051069736273,4628.105106973628,0.5762938762743676,0.0704781505767482,704.7815057674819,0.37318719188244864,3731.8719188244863
90046,48296,3,0,0,0,10,0.00747,0.000207056,6.2e-05,-0.6301198793958228,2.07056,-0.6484649826260268,0.62,-0.10317833857368264,74.7,-0.05215897260373867,9923.0,2403.0,6928.0,6052.0,0.20546215007454033,2054.6215007454034,-0.06356894722758948,0.04975567334768925,497.55673347689253,0.14344873281431175,1434.4873281431176
90047,50974,2,0,0,0,25,0.00545,0.000490446,3.9e-05,0.059449589925568556,4.904459999999999,0.7116310003847498,0.39,-0.11653113990598792,54.5,-0.061566840661539,11180.0,4300.0,6234.0,6713.0,0.21932750029426767,2193.2750029426766,-0.029094579025022296,0.08435673088241064,843.5673088241064,0.12229764193510417,1222.9764193510418
90049,37122,2,0,0,0,13,0.0,0.000350197,5.4e-05,-0.49220598553154454,3.50197,0.03852291075110584,0.5399999999999999,-0.10782279121100623,0.0,-0.08694945497590129,5471.0,716.0,4461.0,3364.0,0.14737891277409623,1473.7891277409624,-0.20798527118337695,0.019287753892570442,192.8775389257044,0.12017132697591724,1201.7132697591724
90056,8543,1,0,0,0,1,0.02119,0.000117055,0.000117,-1.0438615609886577,1.17055,-1.0804138819060047,1.17,-0.07124772669208308,211.9,0.011740012422509136,101.0,25.0,68.0,54.0,0.011822544773498771,118.22544773498771,-0.5450283367098666,0.0029263724686878147,29.263724686878145,0.007959733114830855,79.59733114830856
90057,46629,2,1,1,0,9,2e-05,0.000193013,4.3e-05,0.27346886641345597,1.93013,-0.7158626603472603,0.43,-0.11420891358732614,0.2,-0.08685630776740821,13166.0,5597.0,6937.0,7002.0,0.282356473439276,2823.56473439276,0.12761866609295525,0.1200325977396041,1200.325977396041,0.14877007870638445,1487.7007870638445
90058,3585,4,1,1,1,2,0.00279,0.00055788,0.001116,-0.048330219269859954,5.578799999999999,1.0352723163039732,11.16,0.5087282963936981,27.9,-0.07395541939111766,2128.0,708.0,1336.0,1340.0,0.5935843793584379,5935.843793584379,0.9014458867213649,0.19748953974895397,1974.8953974895398,0.3726638772663877,3726.6387726638773
90059,37511,1,0,0,0,17,0.00978,0.0004532,2.7e-05,-0.3083207937125068,4.532,0.5328733343301278,0.26999999999999996,-0.12349781886197328,97.80000000000001,-0.04140047002278878,7982.0,3505.0,4048.0,3927.0,0.21279091466503158,2127.909146650316,-0.04534693877063321,0.0934392578177068,934.392578177068,0.10791501159659833,1079.1501159659833
90061,30051,2,1,1,0,12,0.00599,0.000399321,6.7e-05,0.41138276027773424,3.99321,0.2742875992348964,0.67,-0.10027555567535541,59.9,-0.05905186603222605,8062.0,3402.0,4281.0,4530.0,0.2682772619879538,2682.772619879538,0.09261256008893211,0.11320754716981132,1132.0754716981132,0.14245782170310473,1424.5782170310472
90062,32715,2,1,1,1,7,0.0,0.000213969,6.1e-05,0.1815262705039372,2.13969,-0.6152868763747353,0.61,-0.1037588951533481,0.0,-0.08694945497590129,9405.0,3901.0,4885.0,5185.0,0.2874828060522696,2874.828060522696,0.14036461734759623,0.11924193794895308,1192.4193794895307,0.14931988384533088,1493.1988384533088
90063,48397,3,0,0,1,21,0.00626,0.000433911,6.2e-05,-0.12443560189346914,4.33911,0.44029811496354854,0.62,-0.10317833857368264,62.6,-0.05779437871756956,2244.0,599.0,1507.0,1316.0,0.046366510320887656,463.6651032088766,-0.459139313455112,0.012376800214889353,123.76800214889353,0.031138293695890242,311.3829369589024
90064,26642,3,0,0,0,14,0.0,0.000525486,0.000113,-0.4462346875767851,5.25486,0.8798012366129079,1.13,-0.07356995301074486,0.0,-0.08694945497590129,7394.0,1325.0,5760.0,4726.0,0.2775317168380752,2775.3171683807523,0.11562254389469219,0.04973350349072892,497.3350349072892,0.21619998498611215,2161.9998498611217
90065,44658,3,1,1,0,18,0.0,0.000403063,6.7e-05,0.6872105480062908,4.03063,0.2922468750330061,0.67,-0.10027555567535541,0.0,-0.08694945497590129,8003.0,2157.0,5297.0,4708.0,0.17920641318464778,1792.0641318464777,-0.12885038091860812,0.04830041649872363,483.0041649872363,0.11861256661740338,1186.1256661740338
90066,56740,4,2,2,1,21,0.00014,0.000370109,7e-05,1.7746844856346076,3.7010899999999998,0.13408814316477796,0.7,-0.09853388593635908,1.4,-0.08629742451644977,8172.0,1366.0,6389.0,5459.0,0.14402537892139583,1440.2537892139583,-0.21632339167695658,0.024074726824109976,240.74726824109976,0.11260133944307367,1126.0133944307368
90068,21572,1,0,0,0,2,5e-05,9.27128e-05,4.6e-05,-0.9978902630338982,0.9271280000000001,-1.1972413226683638,0.46,-0.11246724384832979,0.5,-0.08671658695466859,6388.0,1174.0,4843.0,4104.0,0.2961246059707028,2961.2460597070276,0.1618513153104868,0.05442239940663823,544.2239940663824,0.22450398664936028,2245.039866493603
90069,20961,2,1,1,0,2,0.04465,9.54153e-05,9.5e-05,-0.048330219269859954,0.954153,-1.1842710012241116,0.9500000000000001,-0.0840199714447229,446.5,0.12100168798488331,1590.0,324.0,1175.0,1021.0,0.07585515958208101,758.5515958208101,-0.3858196687064104,0.015457277801631602,154.57277801631602,0.05605648585468251,560.5648585468251
90094,11764,1,0,0,0,1,0.0,8.50051e-05,8.5e-05,-1.0438615609886577,0.850051,-1.2342334953217817,0.8500000000000001,-0.08982553724137737,0.0,-0.08694945497590129,1798.0,202.0,1520.0,1314.0,0.15283917035022102,1528.3917035022102,-0.1944090594630008,0.01717103026181571,171.71030261815707,0.1292077524651479,1292.077524651479
90095,0,1,1,1,0,2,0.000245,0.00032704749999999997,6.35e-05,-0.048330219269859954,3.2704750000000002,-0.07258031081178627,0.635,-0.10230750370418448,2.45,-0.08580840167186114,177.0,73.0,98.0,100.0,0.18883563988459093,1888.3563988459093,-0.10490857624009935,0.04397951917534163,439.7951917534163,0.12229764193510417,1222.9764193510418
90201,92763,5,2,2,1,25,0.00259,0.000269504,5.4e-05,1.958569677453645,2.69504,-0.34875336984132377,0.5399999999999999,-0.10782279121100623,25.9,-0.07488689147604839,6521.0,1366.0,4467.0,3799.0,0.18883563988459093,1888.3563988459093,-0.10490857624009935,0.04397951917534163,439.7951917534163,0.12229764193510417,1222.9764193510418
90210,19004,6,1,1,1,4,5e-05,0.000210482,0.000316,0.043612376639658924,2.10482,-0.6320223105564586,3.1599999999999997,0.0442830326613408,0.5,-0.08671658695466859,904.0,174.0,648.0,458.0,0.047568932856240795,475.6893285624079,-0.4561496480978064,0.009155967164807408,91.55967164807409,0.034098084613765525,340.98084613765525
90211,9120,1,0,0,0,3,0.0,0.000328947,0.00011,-0.9519189650791388,3.28947,-0.06346389061442932,1.1,-0.07531162274974121,0.0,-0.08694945497590129,150.0,26.0,111.0,74.0,0.01644736842105263,164.4736842105263,-0.5335293214833442,0.0028508771929824563,28.50877192982456,0.012171052631578947,121.71052631578947
90220,48354,3,1,1,0,18,0.02858,0.000372255,6.2e-05,0.6872105480062908,3.72255,0.14438761025797514,0.62,-0.10317833857368264,285.8,0.046157905960699463,6521.0,1366.0,4467.0,3799.0,0.18883563988459093,1888.3563988459093,-0.10490857624009935,0.04397951917534163,439.7951917534163,0.12229764193510417,1222.9764193510418
90221,50659,4,2,2,0,18,0.009,0.000355317,7.9e-05,1.636770591770329,3.55317,0.06309573065659009,0.7899999999999999,-0.09330887671937005,90.0,-0.04503321115401862,6521.0,1366.0,4467.0,3799.0,0.18883563988459093,1888.3563988459093,-0.10490857624009935,0.04397951917534163,439.7951917534163,0.12229764193510417,1222.9764193510418
90222,32340,1,0,0,0,11,0.00526,0.000340136,3.1e-05,-0.5841485814410633,3.40136,-0.009763640238948296,0.31,-0.12117559254331149,52.6,-0.06245173914222319,6521.0,1366.0,4467.0,3799.0,0.18883563988459093,1888.3563988459093,-0.10490857624009935,0.04397951917534163,439.7951917534163,0.12229764193510417,1222.9764193510418
90230,31009,4,1,1,1,15,0.00019,0.000483731,0.000129,0.5492966541420126,4.8373099999999996,0.6794031711532409,1.2899999999999998,-0.06428104773609772,1.9000000000000001,-0.0860645564952171,1919.0,495.0,1275.0,1102.0,0.06188525911832049,618.8525911832049,-0.420553987328646,0.01596310748492373,159.6310748492373,0.04111709503692476,411.17095036924763
90232,16554,2,1,1,0,7,0.00012,0.000422859,0.000121,0.1815262705039372,4.22859,0.38725537949569466,1.21,-0.0689255003734213,1.2,-0.08639057172494286,109.0,28.0,74.0,68.0,0.006584511296363417,65.84511296363416,-0.5580520174598281,0.0016914340944786759,16.91434094478676,0.0044702186782650715,44.70218678265071
90240,24853,2,0,0,0,4,0.0,0.000160946,8e-05,-0.9059476671243792,1.6094600000000001,-0.8697643431420187,0.8,-0.0927283201397046,0.0,-0.08694945497590129,6521.0,1366.0,4467.0,3799.0,0.18883563988459093,1888.3563988459093,-0.10490857624009935,0.04397951917534163,439.7951917534163,0.12229764193510417,1222.9764193510418
90241,45319,2,1,1,1,16,4e-05,0.000353053,4.4e-05,0.595267952096772,3.5305299999999997,0.05222993685463364,0.44,-0.11362835700766068,0.4,-0.08676316055891514,6521.0,1366.0,4467.0,3799.0,0.18883563988459093,1888.3563988459093,-0.10490857624009935,0.04397951917534163,439.7951917534163,0.12229764193510417,1222.9764193510418
90242,40767,3,0,0,1,15,0.00027,0.000367945,7.4e-05,-0.40026338962202573,3.67945,0.12370228725160076,0.74,-0.0962116596176973,2.7,-0.0856919676612448,6521.0,1366.0,4467.0,3799.0,0.18883563988459093,1888.3563988459093,-0.10490857624009935,0.04397951917534163,439.7951917534163,0.12229764193510417,1222.9764193510418
90245,16769,5,1,1,0,12,6e-05,0.000715606,0.000298,0.41138276027773424,7.15606,1.7922591507595218,2.98,0.03383301422736276,0.6,-0.08667001335042207,7.0,2.0,4.0,3.0,0.0004174369372055579,4.174369372055579,-0.5733856360717638,0.00011926769634444511,1.1926769634444512,0.00023853539268889023,2.3853539268889024
90247,47053,2,1,1,0,10,0.0007,0.000212526,4.3e-05,0.31944016436821543,2.12526,-0.6222123801098162,0.43,-0.11420891358732614,7.0,-0.08368930267864375,2406.0,765.0,1540.0,1530.0,0.051133827811191634,511.33827811191634,-0.4472860060452895,0.01625826195991754,162.58261959917542,0.03272905021996472,327.2905021996472
90248,11235,2,0,0,0,6,0.00605,0.000534045,0.000178,-0.8140050712148605,5.340450000000001,0.9208791205135016,1.7799999999999998,-0.03583377533249084,60.5,-0.05877242440674683,1912.0,445.0,1416.0,1355.0,0.1701824655095683,1701.824655095683,-0.1512872389756639,0.03960836671117045,396.0836671117045,0.1260347129506008,1260.347129506008
90249,26290,1,0,0,0,6,0.00316,0.000228224,3.8e-05,-0.8140050712148605,2.28224,-0.5468717303292905,0.38,-0.11711169648565337,31.6,-0.07223219603399582,6521.0,1366.0,4467.0,3799.0,0.18883563988459093,1888.3563988459093,-0.10490857624009935,0.04397951917534163,439.7951917534163,0.12229764193510417,1222.9764193510418
90250,93826,5,1,1,1,26,0.00159,0.000277109,5.3e-05,1.0549809316443663,2.77109,-0.3122540933996817,0.53,-0.10840334779067165,15.9,-0.07954425190070201,6521.0,1366.0,4467.0,3799.0,0.18883563988459093,1888.3563988459093,-0.10490857624009935,0.04397951917534163,439.7951917534163,0.12229764193510417,1222.9764193510418
90254,19063,2,1,1,0,5,0.0,0.000262288,0.000105,0.08958367459441834,2.62288,-0.3833856878956156,1.05,-0.07821440564806843,0.0,-0.08694945497590129,6521.0,1366.0,4467.0,3799.0,0.18883563988459093,1888.3563988459093,-0.10490857624009935,0.04397951917534163,439.7951917534163,0.12229764193510417,1222.9764193510418
90255,69349,4,1,1,1,34,0.00577,0.000490274,5.8e-05,1.4227513152824418,4.90274,0.71080550721605,0.58,-0.10550056489234443,57.7,-0.06007648532564984,6521.0,1366.0,4467.0,3799.0,0.18883563988459093,1888.3563988459093,-0.10490857624009935,0.04397951917534163,439.7951917534163,0.12229764193510417,1222.9764193510418
90260,32075,2,1,1,0,14,0.01836,0.000436477,6.2e-05,0.5033253561872532,4.36477,0.4526133211896175,0.62,-0.10317833857368264,183.60000000000002,-0.001440317579260633,6521.0,1366.0,4467.0,3799.0,0.18883563988459093,1888.3563988459093,-0.10490857624009935,0.04397951917534163,439.7951917534163,0.12229764193510417,1222.9764193510418
90262,64235,4,1,1,1,22,0.02262,0.000342492,6.2e-05,0.8710957398253285,3.42492,0.0015436964206847611,0.62,-0.10317833857368264,226.20000000000002,0.01840003782976383,6521.0,1366.0,4467.0,3799.0,0.18883563988459093,1888.3563988459093,-0.10490857624009935,0.04397951917534163,439.7951917534163,0.12229764193510417,1222.9764193510418
90263,1856,1,1,1,0,1,0.0,0.000538793,0.000539,-0.0943015172246194,5.38793,0.9436665714727277,5.39,0.1737471499267354,0.0,-0.08694945497590129,6521.0,1366.0,4467.0,3799.0,0.18883563988459093,1888.3563988459093,-0.10490857624009935,0.04397951917534163,439.7951917534163,0.12229764193510417,1222.9764193510418
90265,15918,9,1,1,3,9,0.01407,0.000565398,0.000565,0.27346886641345597,5.653980000000001,1.0713540467823781,5.6499999999999995,0.188841620998037,140.7,-0.021420393801024715,1.0,0.0,1.0,1.0,6.282196255811031e-05,0.6282196255811031,-0.5742673395276742,0.0,0.0,6.282196255811031e-05,0.6282196255811031
90266,34210,3,1,1,0,13,0.0,0.000380006,8.8e-05,0.4573540582324937,3.80006,0.18158759601723465,0.88,-0.08808386750238104,0.0,-0.08694945497590129,6521.0,1366.0,4467.0,3799.0,0.18883563988459093,1888.3563988459093,-0.10490857624009935,0.04397951917534163,439.7951917534163,0.12229764193510417,1222.9764193510418
90270,24218,1,1,1,0,7,0.01288,0.000289041,4.1e-05,0.1815262705039372,2.89041,-0.25498790451057257,0.41000000000000003,-0.11537002674665703,128.8,-0.026962652706362528,6521.0,1366.0,4467.0,3799.0,0.18883563988459093,1888.3563988459093,-0.10490857624009935,0.04397951917534163,439.7951917534163,0.12229764193510417,1222.9764193510418
90272,21390,2,0,0,0,10,0.0,0.000467508,9.4e-05,-0.6301198793958228,4.67508,0.6015428474566256,0.94,-0.08460052802438836,0.0,-0.08694945497590129,2925.0,382.0,2350.0,1851.0,0.13674614305750352,1367.4614305750351,-0.23442225347477208,0.01785881252921926,178.58812529219261,0.10986442262739599,1098.64422627396
90274,25059,4,1,1,0,16,0.00367,0.000638493,0.00016,0.595267952096772,6.38493,1.4221646465853797,1.6,-0.046283793766468864,36.7,-0.06985694221742246,6521.0,1366.0,4467.0,3799.0,0.18883563988459093,1888.3563988459093,-0.10490857624009935,0.04397951917534163,439.7951917534163,0.12229764193510417,1222.9764193510418
90275,40945,2,0,0,0,15,0.00574,0.000366345,4.9e-05,-0.40026338962202573,3.66345,0.11602328103113702,0.49,-0.11072557410933345,57.400000000000006,-0.06021620613838945,332.0,110.0,208.0,212.0,0.00810843814873611,81.0843814873611,-0.5542629739383939,0.0026865307119306385,26.865307119306383,0.0050799853461961164,50.79985346196116
90277,34844,3,1,1,1,10,0.0,0.000286993,8.6e-05,0.31944016436821543,2.8699299999999996,-0.2648170324727665,0.86,-0.08924498066171192,0.0,-0.08694945497590129,6521.0,1366.0,4467.0,3799.0,0.18883563988459093,1888.3563988459093,-0.10490857624009935,0.04397951917534163,439.7951917534163,0.12229764193510417,1222.9764193510418
90278,42423,1,0,0,0,10,2e-05,0.000235721,2.4e-05,-0.6301198793958228,2.35721,-0.5108907868075296,0.24000000000000002,-0.12523948860096962,0.2,-0.08685630776740821,6521.0,1366.0,4467.0,3799.0,0.18883563988459093,1888.3563988459093,-0.10490857624009935,0.04397951917534163,439.7951917534163,0.12229764193510417,1222.9764193510418
90280,91365,4,1,1,1,31,4e-05,0.000339298,4.4e-05,1.2848374214181633,3.3929799999999997,-0.013785519746916327,0.44,-0.11362835700766068,0.4,-0.08676316055891514,7.0,5.0,1.0,6.0,7.661577190390193e-05,0.7661577190390193,-0.5742330430364376,5.472555135992995e-05,0.5472555135992995,1.094511027198599e-05,0.1094511027198599
90290,6315,1,0,0,0,2,0.00586,0.000316706,0.000158,-0.9978902630338982,3.1670599999999998,-0.12221308757986546,1.5799999999999998,-0.04744490692579977,58.599999999999994,-0.05965732288743101,1.0,0.0,1.0,1.0,0.00015835312747426763,1.5835312747426762,-0.574029813861034,0.0,0.0,0.00015835312747426763,1.5835312747426762
90291,26324,1,0,0,0,7,0.00019,0.000265917,3.8e-05,-0.7680337732601009,2.65917,-0.36596874191182605,0.38,-0.11711169648565337,1.9000000000000001,-0.0860645564952171,12204.0,3385.0,8201.0,7919.0,0.4636073545053943,4636.073545053943,0.578275123513181,0.12858987995745327,1285.8987995745326,0.31154079927062756,3115.4079927062758
90292,23982,2,1,1,0,1,0.01897,4.16979e-05,8.3e-05,-0.0943015172246194,0.416979,-1.4420811566910763,0.83,-0.09098665040070827,189.70000000000002,0.0014006722797780787,4052.0,745.0,3154.0,2729.0,0.16896005337336337,1689.6005337336337,-0.15432660584422359,0.0310649653907097,310.649653907097,0.13151530314402468,1315.1530314402469
90301,36060,3,2,2,0,20,8e-05,0.000554631,8.3e-05,1.7287131876798478,5.54631,1.019679134297544,0.83,-0.09098665040070827,0.8,-0.086576866141929,33.0,3.0,28.0,17.0,0.0009151414309484193,9.151414309484192,-0.5721481593617309,8.319467554076539e-05,0.831946755407654,0.000776483638380477,7.76483638380477
90303,22727,2,1,1,0,5,4e-05,0.000220003,8.8e-05,0.08958367459441834,2.20003,-0.5863274241658111,0.88,-0.08808386750238104,0.4,-0.08676316055891514,6521.0,1366.0,4467.0,3799.0,0.18883563988459093,1888.3563988459093,-0.10490857624009935,0.04397951917534163,439.7951917534163,0.12229764193510417,1222.9764193510418
90304,25430,1,0,0,0,8,0.01125,0.000314589,3.9e-05,-0.7220624753053416,3.14589,-0.13237337268531663,0.39,-0.11653113990598792,112.5,-0.03455415019854795,47.0,2.0,43.0,27.0,0.00184821077467558,18.4821077467558,-0.569828205260001,7.864726700747149e-05,0.7864726700747149,0.001690916240660637,16.90916240660637
90305,14708,1,0,0,0,3,0.0,0.000203971,6.8e-05,-0.9519189650791388,2.03971,-0.6632710664948586,0.68,-0.09969499909568996,0.0,-0.08694945497590129,41.0,24.0,16.0,24.0,0.0027875985858036444,27.875985858036444,-0.567492541120789,0.0016317650258362796,16.317650258362796,0.0010878433505575197,10.878433505575197
90401,8101,5,3,3,1,3,0.00012,0.000370325,0.000617,1.8967611662129762,3.70325,0.13512480900454077,6.17,0.21903056314064026,1.2,-0.08639057172494286,6521.0,1366.0,4467.0,3799.0,0.18883563988459093,1888.3563988459093,-0.10490857624009935,0.04397951917534163,439.7951917534163,0.12229764193510417,1222.9764193510418
90404,22978,2,1,1,0,7,0.0003,0.000304639,8.7e-05,0.1815262705039372,3.04639,-0.180127192618826,0.87,-0.08866442408204647,2.9999999999999996,-0.0855522468485052,71.0,18.0,50.0,41.0,0.00308991208982505,30.899120898250498,-0.566740878387062,0.0007833579946035338,7.833579946035338,0.0021759944294542605,21.759944294542606
90405,27298,3,1,1,0,11,0.0,0.00040296,0.00011,0.3654114623229749,4.0296,0.29175253900756376,1.1,-0.07531162274974121,0.0,-0.08694945497590129,103.0,8.0,86.0,52.0,0.0037731701956187267,37.731701956187266,-0.5650420470453908,0.000293061762766503,2.93061762766503,0.0031504139497399077,31.504139497399077
90501,41787,1,0,0,0,14,0.00017,0.000335032,2.4e-05,-0.4462346875767851,3.3503199999999995,-0.03425967008222801,0.24000000000000002,-0.12523948860096962,1.7000000000000002,-0.08615770370371018,3160.0,989.0,1986.0,1792.0,0.07562160480532223,756.2160480532224,-0.3864003719156229,0.02366764783305813,236.6764783305813,0.04752674276688922,475.26742766889225
90502,18467,1,1,1,0,3,0.0117,0.000162452,5.4e-05,-0.002358921315100515,1.62452,-0.8625364785370071,0.5399999999999999,-0.10782279121100623,117.0,-0.03245833800745381,802.0,177.0,605.0,597.0,0.043428818974386746,434.28818974386746,-0.46644349629505755,0.009584664536741214,95.84664536741214,0.032761141495640876,327.61141495640874
90503,43454,4,1,1,1,15,7e-05,0.000345193,9.2e-05,0.5492966541420126,3.45193,0.014506818796605123,0.92,-0.08576164118371925,0.7,-0.08662343974617553,6521.0,1366.0,4467.0,3799.0,0.18883563988459093,1888.3563988459093,-0.10490857624009935,0.04397951917534163,439.7951917534163,0.12229764193510417,1222.9764193510418
90504,33084,2,0,0,0,11,0.0,0.000332487,6e-05,-0.5841485814410633,3.32487,-0.04647408935165307,0.6,-0.10433945173301354,0.0,-0.08694945497590129,5.0,3.0,2.0,3.0,0.0001511304558094547,1.5113045580945472,-0.5740477720833965,9.067827348567283e-05,0.9067827348567283,6.045218232378189e-05,0.6045218232378189
90505,35148,2,0,0,0,12,3e-05,0.000341413,5.7e-05,-0.538177283486304,3.41413,-0.0036348333992406324,0.5700000000000001,-0.10608112147200988,0.3,-0.08680973416316168,6521.0,1366.0,4467.0,3799.0,0.18883563988459093,1888.3563988459093,-0.10490857624009935,0.04397951917534163,439.7951917534163,0.12229764193510417,1222.9764193510418
90506,0,1,1,1,0,1,0.000245,0.00032704749999999997,6.35e-05,-0.0943015172246194,3.2704750000000002,-0.07258031081178627,0.635,-0.10230750370418448,2.45,-0.08580840167186114,6521.0,1366.0,4467.0,3799.0,0.18883563988459093,1888.3563988459093,-0.10490857624009935,0.04397951917534163,439.7951917534163,0.12229764193510417,1222.9764193510418
90601,30078,2,0,0,1,14,0.00229,0.000465456,6.6e-05,-0.4462346875767851,4.65456,0.5916945219788807,0.66,-0.10085611225502085,22.9,-0.07628409960344447,6521.0,1366.0,4467.0,3799.0,0.18883563988459093,1888.3563988459093,-0.10490857624009935,0.04397951917534163,439.7951917534163,0.12229764193510417,1222.9764193510418
90602,25905,3,1,1,1,3,0.00031,0.000115808,0.000116,-0.002358921315100515,1.15808,-1.0863987073790786,1.16,-0.07182828327174852,3.1,-0.08550567324425866,6521.0,1366.0,4467.0,3799.0,0.18883563988459093,1888.3563988459093,-0.10490857624009935,0.04397951917534163,439.7951917534163,0.12229764193510417,1222.9764193510418
90603,21118,1,0,0,0,4,5e-05,0.000189412,4.7e-05,-0.9059476671243792,1.89412,-0.7331452237221916,0.47,-0.11188668726866434,0.5,-0.08671658695466859,6521.0,1366.0,4467.0,3799.0,0.18883563988459093,1888.3563988459093,-0.10490857624009935,0.04397951917534163,439.7951917534163,0.12229764193510417,1222.9764193510418
90604,39276,2,0,0,0,13,0.0069,0.000330991,5.1e-05,-0.49220598553154454,3.30991,-0.053653960167786875,0.51,-0.10956446095000257,69.0,-0.05481366804579124,6521.0,1366.0,4467.0,3799.0,0.18883563988459093,1888.3563988459093,-0.10490857624009935,0.04397951917534163,439.7951917534163,0.12229764193510417,1222.9764193510418
90631,0,2,0,0,0,0,0.000245,0.00032704749999999997,6.35e-05,-1.089832858943417,3.2704750000000002,-0.07258031081178627,0.635,-0.10230750370418448,2.45,-0.08580840167186114,6521.0,1366.0,4467.0,3799.0,0.18883563988459093,1888.3563988459093,-0.10490857624009935,0.04397951917534163,439.7951917534163,0.12229764193510417,1222.9764193510418
90638,45933,3,1,1,0,14,0.01317,0.000304792,6.5e-05,0.5033253561872532,3.0479200000000004,-0.17939288764899405,0.6499999999999999,-0.10143666883468631,131.7,-0.025612018183212983,6521.0,1366.0,4467.0,3799.0,0.18883563988459093,1888.3563988459093,-0.10490857624009935,0.04397951917534163,439.7951917534163,0.12229764193510417,1222.9764193510418
90640,61382,6,2,2,1,20,0.00029,0.000325828,9.8e-05,1.7287131876798478,3.25828,-0.07843315336544597,0.98,-0.08227830170572657,2.9,-0.08559882045275174,6521.0,1366.0,4467.0,3799.0,0.18883563988459093,1888.3563988459093,-0.10490857624009935,0.04397951917534163,439.7951917534163,0.12229764193510417,1222.9764193510418
90650,99900,5,2,2,1,29,0.01553,0.00029029,5e-05,2.1424548692726826,2.9029000000000003,-0.24899348027972307,0.5,-0.110145017529668,155.3,-0.01462064758103041,6521.0,1366.0,4467.0,3799.0,0.18883563988459093,1888.3563988459093,-0.10490857624009935,0.04397951917534163,439.7951917534163,0.12229764193510417,1222.9764193510418
90660,60272,4,1,1,0,19,0.02167,0.000315238,6.6e-05,0.7331818459610502,3.1523800000000004,-0.12925857578714087,0.66,-0.10085611225502085,216.7,0.013975545426342868,6521.0,1366.0,4467.0,3799.0,0.18883563988459093,1888.3563988459093,-0.10490857624009935,0.04397951917534163,439.7951917534163,0.12229764193510417,1222.9764193510418
90670,17851,5,1,1,0,12,0.00011,0.000672231,0.00028,0.41138276027773424,6.72231,1.5840860915016353,2.8,0.023382995793384716,1.1,-0.08643714532918939,6521.0,1366.0,4467.0,3799.0,0.18883563988459093,1888.3563988459093,-0.10490857624009935,0.04397951917534163,439.7951917534163,0.12229764193510417,1222.9764193510418
90703,48108,3,1,1,0,25,0.03139,0.000519664,6.2e-05,1.0090096336896066,5.1966399999999995,0.851859252728195,0.62,-0.10317833857368264,313.90000000000003,0.05924508875397617,6521.0,1366.0,4467.0,3799.0,0.18883563988459093,1888.3563988459093,-0.10490857624009935,0.04397951917534163,439.7951917534163,0.12229764193510417,1222.9764193510418
90704,3421,4,1,1,0,1,0.01403,0.000292312,0.001169,-0.0943015172246194,2.92312,-0.23928913616861208,11.69,0.5394977951159667,140.3,-0.021606688218010855,6521.0,1366.0,4467.0,3799.0,0.18883563988459093,1888.3563988459093,-0.10490857624009935,0.04397951917534163,439.7951917534163,0.12229764193510417,1222.9764193510418
90706,76819,3,1,1,0,17,0.01973,0.000221299,3.9e-05,0.6412392500515314,2.21299,-0.5801074291272355,0.39,-0.11653113990598792,197.3,0.004940266202514839,6521.0,1366.0,4467.0,3799.0,0.18883563988459093,1888.3563988459093,-0.10490857624009935,0.04397951917534163,439.7951917534163,0.12229764193510417,1222.9764193510418
90710,26761,1,0,0,0,8,0.0028,0.000298942,3.7e-05,-0.7220624753053416,2.98942,-0.20746925414256495,0.37,-0.1176922530653188,28.0,-0.07390884578687112,4052.0,1246.0,2526.0,2338.0,0.15141437166025185,1514.1437166025185,-0.19795163385702128,0.04656029296364112,465.6029296364112,0.09439109151377004,943.9109151377004
90712,30800,3,1,1,0,12,0.03185,0.00038961,9.7e-05,0.41138276027773424,3.8960999999999997,0.22768083085556862,0.97,-0.08285885828539201,318.50000000000006,0.061387474549316846,6521.0,1366.0,4467.0,3799.0,0.18883563988459093,1888.3563988459093,-0.10490857624009935,0.04397951917534163,439.7951917534163,0.12229764193510417,1222.9764193510418
90713,28221,1,0,0,0,8,0.01031,0.000283477,3.5e-05,-0.7220624753053416,2.8347700000000002,-0.2816916486422355,0.35,-0.1188533662246497,103.1,-0.03893206899772236,6521.0,1366.0,4467.0,3799.0,0.18883563988459093,1888.3563988459093,-0.10490857624009935,0.04397951917534163,439.7951917534163,0.12229764193510417,1222.9764193510418
90716,13599,1,0,0,0,3,0.01787,0.000220604,7.4e-05,-0.9519189650791388,2.2060400000000002,-0.5834429974542493,0.74,-0.0962116596176973,178.70000000000002,-0.0037224241873409156,6521.0,1366.0,4467.0,3799.0,0.18883563988459093,1888.3563988459093,-0.10490857624009935,0.04397951917534163,439.7951917534163,0.12229764193510417,1222.9764193510418
90717,21482,2,1,1,0,6,0.01704,0.000279304,9.3e-05,0.13555497254917773,2.7930400000000004,-0.30171945674098277,0.9299999999999999,-0.0851810846040538,170.4,-0.007588033339803433,264.0,98.0,149.0,164.0,0.012289358532725073,122.89358532725073,-0.543867665745011,0.0045619588492691555,45.619588492691555,0.006936039474909226,69.36039474909226
90723,52050,2,1,1,0,21,0.02459,0.000403458,3.8e-05,0.8251244418705691,4.03458,0.29414262969368304,0.38,-0.11711169648565337,245.9,0.02757503786633148,6521.0,1366.0,4467.0,3799.0,0.18883563988459093,1888.3563988459093,-0.10490857624009935,0.04397951917534163,439.7951917534163,0.12229764193510417,1222.9764193510418
90731,61944,10,2,2,2,16,0.00034,0.000258298,0.000161,1.5448279958608102,2.58298,-0.40253520965789724,1.61,-0.04570323718680342,3.4000000000000004,-0.08536595243151905,15715.0,5012.0,9514.0,8659.0,0.25369688751130054,2536.968875113005,0.056360378191333986,0.08091179129536355,809.1179129536355,0.15359033966162985,1535.9033966162986
90732,23067,1,0,0,0,6,0.00048,0.000260112,4.3e-05,-0.8140050712148605,2.60112,-0.39382913635544636,0.43,-0.11420891358732614,4.8,-0.08471392197206754,2455.0,562.0,1739.0,1495.0,0.10642909784540686,1064.2909784540686,-0.30980159571227733,0.024363809771535093,243.63809771535094,0.07538908397277495,753.8908397277495
90744,52800,2,0,0,0,14,0.00019,0.000265152,3.8e-05,-0.4462346875767851,2.65152,-0.3696402667609854,0.38,-0.11711169648565337,1.9000000000000001,-0.0860645564952171,13174.0,4522.0,7592.0,7476.0,0.24950757575757576,2495.0757575757575,0.04594420596167282,0.0856439393939394,856.439393939394,0.1437878787878788,1437.878787878788
90745,57397,2,1,1,0,17,0.01739,0.000296183,3.5e-05,0.6412392500515314,2.96183,-0.22071074049397735,0.35,-0.1188533662246497,173.9,-0.005957957191174664,46.0,10.0,32.0,30.0,0.0008014356151018346,8.014356151018346,-0.5724308739055504,0.00017422513371779012,1.7422513371779011,0.0005575204278969284,5.575204278969284
90746,27091,3,1,1,0,10,0.01694,0.000369126,0.000111,0.31944016436821543,3.69126,0.12937035371808064,1.11,-0.07473106617007574,169.4,-0.008053769382268794,6521.0,1366.0,4467.0,3799.0,0.18883563988459093,1888.3563988459093,-0.10490857624009935,0.04397951917534163,439.7951917534163,0.12229764193510417,1222.9764193510418
90755,11521,3,1,1,1,4,9e-05,0.000347192,0.00026,0.043612376639658924,3.4719200000000003,0.02410077719329727,2.5999999999999996,0.011771864200075784,0.9,-0.08653029253768246,6521.0,1366.0,4467.0,3799.0,0.18883563988459093,1888.3563988459093,-0.10490857624009935,0.04397951917534163,439.7951917534163,0.12229764193510417,1222.9764193510418
90802,40434,9,2,2,1,7,7e-05,0.000173122,0.000223,1.1310863142679755,1.73122,-0.8113271058042889,2.23,-0.00970872924754573,0.7,-0.08662343974617553,6521.0,1366.0,4467.0,3799.0,0.18883563988459093,1888.3563988459093,-0.10490857624009935,0.04397951917534163,439.7951917534163,0.12229764193510417,1222.9764193510418
90803,31526,4,0,0,0,6,0.0,0.000190319,0.000127,-0.8140050712148605,1.90319,-0.7287921870709663,1.27,-0.06544216089542862,0.0,-0.08694945497590129,6521.0,1366.0,4467.0,3799.0,0.18883563988459093,1888.3563988459093,-0.10490857624009935,0.04397951917534163,439.7951917534163,0.12229764193510417,1222.9764193510418
90805,92402,2,0,0,0,16,0.00026,0.000173156,2.2e-05,-0.3542920916672663,1.73156,-0.8111639269221042,0.22,-0.12640060176030052,2.5999999999999996,-0.08573854126549134,6521.0,1366.0,4467.0,3799.0,0.18883563988459093,1888.3563988459093,-0.10490857624009935,0.04397951917534163,439.7951917534163,0.12229764193510417,1222.9764193510418
90806,41664,1,0,0,0,9,7e-05,0.000216014,2.4e-05,-0.6760911773505822,2.16014,-0.605472146549205,0.24000000000000002,-0.12523948860096962,0.7,-0.08662343974617553,6521.0,1366.0,4467.0,3799.0,0.18883563988459093,1888.3563988459093,-0.10490857624009935,0.04397951917534163,439.7951917534163,0.12229764193510417,1222.9764193510418
90807,33101,3,0,0,0,8,6e-05,0.000241685,9.1e-05,-0.7220624753053416,2.41685,-0.48226729112075073,0.91,-0.08634219776338468,0.6,-0.08667001335042207,6521.0,1366.0,4467.0,3799.0,0.18883563988459093,1888.3563988459093,-0.10490857624009935,0.04397951917534163,439.7951917534163,0.12229764193510417,1222.9764193510418
90808,39317,4,1,1,0,19,0.00013,0.000483252,0.000102,0.7331818459610502,4.83252,0.6771042686659895,1.02,-0.07995607538706477,1.2999999999999998,-0.0863439981206963,6521.0,1366.0,4467.0,3799.0,0.18883563988459093,1888.3563988459093,-0.10490857624009935,0.04397951917534163,439.7951917534163,0.12229764193510417,1222.9764193510418
90810,35833,2,0,0,0,9,0.0026,0.000251165,5.6e-05,-0.6760911773505822,2.5116500000000004,-0.4367691792645024,0.5599999999999999,-0.10666167805167533,26.0,-0.07484031787180186,17.0,5.0,11.0,11.0,0.0004744230178885385,4.744230178885385,-0.573243947683317,0.00013953618173192308,1.3953618173192308,0.0003069795998102308,3.069795998102308
90813,51241,2,0,0,0,13,0.0,0.000253703,3.9e-05,-0.49220598553154454,2.5370299999999997,-0.4245883556472919,0.39,-0.11653113990598792,0.0,-0.08694945497590129,3.0,1.0,2.0,3.0,5.854686676684686e-05,0.5854686676684686,-0.5742779689906213,1.951562225561562e-05,0.19515622255615622,3.903124451123124e-05,0.39031244511231244
90814,19471,1,0,0,0,3,0.0,0.000154075,5.1e-05,-0.9519189650791388,1.5407499999999998,-0.902740875480023,0.51,-0.10956446095000257,0.0,-0.08694945497590129,6521.0,1366.0,4467.0,3799.0,0.18883563988459093,1888.3563988459093,-0.10490857624009935,0.04397951917534163,439.7951917534163,0.12229764193510417,1222.9764193510418
90815,43023,2,0,0,0,18,0.0,0.000418381,4.6e-05,-0.2623494957577474,4.18381,0.3657637608361717,0.46,-0.11246724384832979,0.0,-0.08694945497590129,6521.0,1366.0,4467.0,3799.0,0.18883563988459093,1888.3563988459093,-0.10490857624009935,0.04397951917534163,439.7951917534163,0.12229764193510417,1222.9764193510418
90840,0,1,1,1,0,1,0.000245,0.00032704749999999997,6.35e-05,-0.0943015172246194,3.2704750000000002,-0.07258031081178627,0.635,-0.10230750370418448,2.45,-0.08580840167186114,6521.0,1366.0,4467.0,3799.0,0.18883563988459093,1888.3563988459093,-0.10490857624009935,0.04397951917534163,439.7951917534163,0.12229764193510417,1222.9764193510418
91001,35475,4,2,2,0,15,0.01387,0.000422833,0.000113,1.498856697906051,4.22833,0.3871305956446123,1.13,-0.07356995301074486,138.70000000000002,-0.022351865885955436,6521.0,1366.0,4467.0,3799.0,0.18883563988459093,1888.3563988459093,-0.10490857624009935,0.04397951917534163,439.7951917534163,0.12229764193510417,1222.9764193510418
91006,31582,2,0,0,0,13,0.00225,0.000411627,6.3e-05,-0.49220598553154454,4.11627,0.3333487558280388,0.63,-0.1025977819940172,22.5,-0.07647039402043063,6521.0,1366.0,4467.0,3799.0,0.18883563988459093,1888.3563988459093,-0.10490857624009935,0.04397951917534163,439.7951917534163,0.12229764193510417,1222.9764193510418
91007,33029,3,1,1,1,10,0.00058,0.000302764,9.1e-05,0.31944016436821543,3.0276400000000003,-0.18912602803343195,0.91,-0.08634219776338468,5.8,-0.08424818592960218,6521.0,1366.0,4467.0,3799.0,0.18883563988459093,1888.3563988459093,-0.10490857624009935,0.04397951917534163,439.7951917534163,0.12229764193510417,1222.9764193510418
91010,27589,1,0,0,0,10,0.01106,0.000362463,3.6e-05,-0.6301198793958228,3.62463,0.09739209218873653,0.36,-0.11827280964498425,110.60000000000001,-0.03543904867923214,6521.0,1366.0,4467.0,3799.0,0.18883563988459093,1888.3563988459093,-0.10490857624009935,0.04397951917534163,439.7951917534163,0.12229764193510417,1222.9764193510418
91011,19935,3,0,0,0,12,0.01344,0.000601956,0.00015,-0.538177283486304,6.019559999999999,1.2468097401622005,1.4999999999999998,-0.05208935956312335,134.4,-0.024354530868556497,6521.0,1366.0,4467.0,3799.0,0.18883563988459093,1888.3563988459093,-0.10490857624009935,0.04397951917534163,439.7951917534163,0.12229764193510417,1222.9764193510418
91016,41140,4,1,1,1,16,0.00117,0.000388916,9.7e-05,0.595267952096772,3.88916,0.22435006190744256,0.97,-0.08285885828539201,11.700000000000001,-0.08150034327905653,6521.0,1366.0,4467.0,3799.0,0.18883563988459093,1888.3563988459093,-0.10490857624009935,0.04397951917534163,439.7951917534163,0.12229764193510417,1222.9764193510418
91020,7532,1,0,0,0,3,0.00597,0.000398301,0.000133,-0.9519189650791388,3.9830099999999997,0.26939223276935065,1.33,-0.06195882141743592,59.699999999999996,-0.059145013240719115,6521.0,1366.0,4467.0,3799.0,0.18883563988459093,1888.3563988459093,-0.10490857624009935,0.04397951917534163,439.7951917534163,0.12229764193510417,1222.9764193510418
91024,10940,2,1,1,0,6,0.0,0.000548446,0.000183,0.13555497254917773,5.4844599999999994,0.9899949758765635,1.83,-0.03293099243416359,0.0,-0.08694945497590129,6521.0,1366.0,4467.0,3799.0,0.18883563988459093,1888.3563988459093,-0.10490857624009935,0.04397951917534163,439.7951917534163,0.12229764193510417,1222.9764193510418
91030,26068,2,1,1,0,6,0.0,0.000230167,7.7e-05,0.13555497254917773,2.30167,-0.5375465371503146,0.77,-0.09446998987870095,0.0,-0.08694945497590129,1.0,1.0,0.0,1.0,3.836120914531226e-05,0.38361209145312264,-0.574328157971226,3.836120914531226e-05,0.38361209145312264,0.0,0.0
91040,20821,1,0,0,0,3,0.0,0.000144085,4.8e-05,-0.9519189650791388,1.44085,-0.950686670569044,0.48000000000000004,-0.1113061306889989,0.0,-0.08694945497590129,2902.0,591.0,2100.0,1711.0,0.13937851207915086,1393.7851207915087,-0.22787721440549663,0.02838480380385188,283.84803803851884,0.10085970894769704,1008.5970894769704
91042,26928,2,0,0,1,7,0.00022,0.000259952,7.4e-05,-0.7680337732601009,2.5995199999999996,-0.3945970369774929,0.74,-0.0962116596176973,2.2,-0.08592483568247748,3503.0,769.0,2448.0,1926.0,0.13008764111705287,1300.8764111705286,-0.25097774208017404,0.028557635175282235,285.57635175282235,0.09090909090909091,909.0909090909091
91101,21165,3,1,1,1,9,0.00014,0.00042523,0.000142,0.27346886641345597,4.2523,0.3986347068386447,1.4200000000000002,-0.056733812200446904,1.4,-0.08629742451644977,6521.0,1366.0,4467.0,3799.0,0.18883563988459093,1888.3563988459093,-0.10490857624009935,0.04397951917534163,439.7951917534163,0.12229764193510417,1222.9764193510418
91103,25142,2,0,0,0,13,0.00016,0.000517063,8e-05,-0.49220598553154454,5.17063,0.8393760682410536,0.8,-0.0927283201397046,1.6,-0.0862042773079567,6521.0,1366.0,4467.0,3799.0,0.18883563988459093,1888.3563988459093,-0.10490857624009935,0.04397951917534163,439.7951917534163,0.12229764193510417,1222.9764193510418
91105,12531,2,0,0,0,8,0.00056,0.000638417,0.00016,-0.7220624753053416,6.384169999999999,1.4217998937899077,1.6,-0.046283793766468864,5.6,-0.08434133313809525,18.0,1.0,14.0,10.0,0.0014364376346660283,14.364376346660283,-0.5708520249702611,7.980209081477934e-05,0.7980209081477934,0.0011172292714069108,11.172292714069108
91106,23910,2,1,1,0,5,4e-05,0.000209118,8.4e-05,0.08958367459441834,2.09118,-0.6385686633594041,0.84,-0.09040609382104281,0.4,-0.08676316055891514,6521.0,1366.0,4467.0,3799.0,0.18883563988459093,1888.3563988459093,-0.10490857624009935,0.04397951917534163,439.7951917534163,0.12229764193510417,1222.9764193510418
91107,32316,3,0,0,0,21,0.00653,0.000649833,9.3e-05,-0.12443560189346914,6.49833,1.4765896031729175,0.9299999999999999,-0.0851810846040538,65.3,-0.05653689140291308,6521.0,1366.0,4467.0,3799.0,0.18883563988459093,1888.3563988459093,-0.10490857624009935,0.04397951917534163,439.7951917534163,0.12229764193510417,1222.9764193510418
91108,12401,2,1,1,0,6,0.0,0.000483832,0.000161,0.13555497254917773,4.83832,0.6798879084209077,1.61,-0.04570323718680342,0.0,-0.08694945497590129,6521.0,1366.0,4467.0,3799.0,0.18883563988459093,1888.3563988459093,-0.10490857624009935,0.04397951917534163,439.7951917534163,0.12229764193510417,1222.9764193510418
91201,22394,1,0,0,0,3,0.0,0.000133964,4.5e-05,-0.9519189650791388,1.3396400000000002,-0.9992611842923654,0.45,-0.11304780042799523,0.0,-0.08694945497590129,14.0,3.0,11.0,8.0,0.0006251674555684558,6.251674555684558,-0.5728691414817633,0.0001339644547646691,1.339644547646691,0.0004912030008037867,4.912030008037867
91202,22504,1,0,0,0,5,0.0,0.000222183,4.4e-05,-0.8599763691696198,2.22183,-0.5758647781904291,0.44,-0.11362835700766068,0.0,-0.08694945497590129,6521.0,1366.0,4467.0,3799.0,0.18883563988459093,1888.3563988459093,-0.10490857624009935,0.04397951917534163,439.7951917534163,0.12229764193510417,1222.9764193510418
91204,17857,1,0,0,0,4,0.0,0.000224002,5.6e-05,-0.9059476671243792,2.24002,-0.5671347079935394,0.5599999999999999,-0.10666167805167533,0.0,-0.08694945497590129,11.0,2.0,9.0,7.0,0.0006160049280394244,6.160049280394244,-0.5728919229003857,0.00011200089600716806,1.1200089600716807,0.0005040040320322563,5.0400403203225626
91205,34254,1,0,0,0,7,0.0,0.000204356,2.9e-05,-0.7680337732601009,2.04356,-0.6614233056230595,0.29,-0.12233670570264238,0.0,-0.08694945497590129,6521.0,1366.0,4467.0,3799.0,0.18883563988459093,1888.3563988459093,-0.10490857624009935,0.04397951917534163,439.7951917534163,0.12229764193510417,1222.9764193510418
91206,31961,4,1,1,1,6,0.0,0.000187729,0.000125,0.13555497254917773,1.8772900000000001,-0.741222578390342,1.25,-0.0666032740547595,0.0,-0.08694945497590129,6521.0,1366.0,4467.0,3799.0,0.18883563988459093,1888.3563988459093,-0.10490857624009935,0.04397951917534163,439.7951917534163,0.12229764193510417,1222.9764193510418
91208,15969,2,1,1,0,3,0.0,0.000187864,0.000125,-0.002358921315100515,1.8786399999999999,-0.7405746622404904,1.25,-0.0666032740547595,0.0,-0.08694945497590129,6521.0,1366.0,4467.0,3799.0,0.18883563988459093,1888.3563988459093,-0.10490857624009935,0.04397951917534163,439.7951917534163,0.12229764193510417,1222.9764193510418
91214,30817,3,1,1,0,14,0.00344,0.000454295,9.7e-05,0.5033253561872532,4.54295,0.5381286542122578,0.97,-0.08285885828539201,34.4,-0.0709281351150928,66.0,31.0,34.0,48.0,0.0021416750494856734,21.416750494856732,-0.5690985449698694,0.0010059382808190285,10.059382808190284,0.001103287146704741,11.032871467047409
91301,23879,3,1,1,0,11,0.00704,0.000460656,0.000126,0.3654114623229749,4.60656,0.5686575033174892,1.26,-0.06602271747509406,70.4,-0.054161637586339725,6521.0,1366.0,4467.0,3799.0,0.18883563988459093,1888.3563988459093,-0.10490857624009935,0.04397951917534163,439.7951917534163,0.12229764193510417,1222.9764193510418
91302,25569,5,1,1,1,13,0.00708,0.000508428,0.000196,0.4573540582324937,5.08428,0.7979334315449879,1.96,-0.025383756898512792,70.8,-0.05397534316935359,2.0,0.0,2.0,0.0,7.82197191912081e-05,0.7821971919120809,-0.574229055032638,0.0,0.0,7.82197191912081e-05,0.7821971919120809
91303,29805,1,0,0,0,10,0.0,0.000335514,3.4e-05,-0.6301198793958228,3.3551400000000005,-0.03194636945831302,0.34,-0.11943392280431515,0.0,-0.08694945497590129,9818.0,2418.0,6894.0,6371.0,0.3294078174802885,3294.0781748028853,0.24460563960536522,0.08112732762959235,811.2732762959236,0.23130347257171616,2313.0347257171616
91304,52474,2,1,1,0,10,2e-05,0.000190571,3.8e-05,0.31944016436821543,1.90571,-0.7275827435912431,0.38,-0.11711169648565337,0.2,-0.08685630776740821,7171.0,2129.0,4467.0,3745.0,0.13665815451461677,1366.5815451461676,-0.2346410254045838,0.04057247398711743,405.7247398711743,0.08512787285131684,851.2787285131684
91306,47176,1,0,0,0,11,0.0,0.000233169,2.1e-05,-0.5841485814410633,2.33169,-0.5231388017291694,0.21,-0.12698115833996595,0.0,-0.08694945497590129,7778.0,2269.0,4916.0,4238.0,0.16487196879769375,1648.7196879769376,-0.16449109002035003,0.04809648974054604,480.9648974054604,0.1042055282346956,1042.0552823469561
91311,40898,3,0,0,0,19,0.00061,0.00046457,7.3e-05,-0.21637819780298803,4.6457,0.5874422722842988,0.73,-0.09679221619736272,6.1,-0.08410846511686257,7723.0,1892.0,5267.0,4215.0,0.18883563988459093,1888.3563988459093,-0.10490857624009935,0.046261430876815494,462.61430876815496,0.12878380360897843,1287.8380360897843
91316,29491,1,0,0,0,15,0.0,0.00050863,3.4e-05,-0.40026338962202573,5.0863000000000005,0.7989029060803216,0.34,-0.11943392280431515,0.0,-0.08694945497590129,6147.0,1297.0,4459.0,3748.0,0.20843647214404395,2084.3647214404396,-0.056173686916659804,0.04397951917534163,439.7951917534163,0.1511986707809162,1511.986707809162
91321,31989,1,0,0,0,13,0.00603,0.00040639,3.1e-05,-0.49220598553154454,4.0639,0.3082144085926832,0.31,-0.12117559254331149,60.3,-0.05886557161523989,1.0,1.0,0.0,0.0,3.126074588139673e-05,0.3126074588139673,-0.5743458123384861,3.126074588139673e-05,0.3126074588139673,0.0,0.0
91324,30699,1,0,0,0,6,0.0,0.000195446,3.3e-05,-0.8140050712148605,1.95446,-0.7041857715132674,0.33,-0.12001447938398059,0.0,-0.08694945497590129,9683.0,2285.0,6935.0,6200.0,0.31541744030750185,3154.1744030750183,0.20982040834151888,0.0744323919345907,744.3239193459069,0.22590312388025668,2259.031238802567
91325,35062,4,1,1,1,16,0.0,0.000456334,0.000114,0.595267952096772,4.56334,0.5479145877644614,1.1400000000000001,-0.07298939643107942,0.0,-0.08694945497590129,5748.0,1365.0,3987.0,3356.0,0.16393816667617364,1639.3816667617364,-0.16681286607760534,0.03893103644971764,389.3103644971764,0.11371285152016428,1137.1285152016428
91326,38428,2,0,0,0,7,3e-05,0.000182159,5.2e-05,-0.7680337732601009,1.8215899999999998,-0.7679551187953317,0.52,-0.10898390437033711,0.3,-0.08680973416316168,3950.0,732.0,2949.0,2338.0,0.10278963255959196,1027.8963255959195,-0.3188506470766727,0.01904861038825856,190.4861038825856,0.07674091808056625,767.4091808056626
91330,2512,2,2,2,0,1,0.0,0.000398089,0.000796,0.8552585265394189,3.98089,0.2683747644451393,7.960000000000001,0.3229501909007552,0.0,-0.08694945497590129,260.0,53.0,180.0,152.0,0.1035031847133758,1035.031847133758,-0.31707649357232925,0.02109872611464968,210.9872611464968,0.07165605095541401,716.5605095541401
91331,97608,4,1,1,1,21,1e-05,0.000215146,4.1e-05,0.8251244418705691,2.1514599999999997,-0.6096380074238067,0.41000000000000003,-0.11537002674665703,0.1,-0.08690288137165475,15543.0,4818.0,9203.0,8359.0,0.1592389968035407,1592.389968035407,-0.17849673340647143,0.049360708138677156,493.60708138677154,0.09428530448323907,942.8530448323908
91335,74526,2,1,1,0,27,0.0,0.00036229,2.7e-05,1.1009522295991256,3.6228999999999996,0.09656179964114882,0.26999999999999996,-0.12349781886197328,0.0,-0.08694945497590129,15121.0,4664.0,9329.0,8119.0,0.20289563373856104,2028.9563373856104,-0.06995025226224827,0.06258218608270939,625.8218608270939,0.12517779030137133,1251.7779030137133
91340,33424,1,1,1,0,17,6e-05,0.000508617,3e-05,0.6412392500515314,5.086170000000001,0.7988405141547804,0.3,-0.12175614912297694,0.6,-0.08667001335042207,1670.0,505.0,1000.0,889.0,0.049964097654380084,499.64097654380083,-0.4501943861067028,0.015108903781713739,151.08903781713738,0.029918621349928197,299.18621349928196
91342,93301,6,1,1,2,25,0.00072,0.00026795,6.4e-05,1.0090096336896066,2.6795,-0.3562116046329494,0.64,-0.10201722541435175,7.2,-0.08359615547015067,13055.0,3785.0,8153.0,7109.0,0.13992347348903011,1399.234734890301,-0.22652223959399587,0.04056762521302022,405.6762521302022,0.08738384368870644,873.8384368870644
91344,52890,1,0,0,0,20,0.0,0.000378143,1.9e-05,-0.17040689984822857,3.78143,0.17264635314928206,0.19,-0.12814227149929686,0.0,-0.08694945497590129,8527.0,1699.0,6307.0,5302.0,0.16122140291170353,1612.2140291170354,-0.1735677415658912,0.0321232747211193,321.23274721119304,0.1192474948005294,1192.474948005294
91345,18714,2,1,1,0,4,0.0,0.000213744,0.000107,0.043612376639658924,2.1374400000000002,-0.616366736624488,1.07,-0.07705329248873755,0.0,-0.08694945497590129,3573.0,843.0,2457.0,2151.0,0.19092657903174096,1909.2657903174095,-0.09970973128445931,0.04504648925937801,450.46489259378006,0.13129208079512664,1312.9208079512664
91350,43973,2,0,0,0,11,0.00412,0.000250154,4.5e-05,-0.5841485814410633,2.50154,-0.4416213513200582,0.45,-0.11304780042799523,41.2,-0.06776113002632833,6521.0,1366.0,4467.0,3799.0,0.18883563988459093,1888.3563988459093,-0.10490857624009935,0.04397951917534163,439.7951917534163,0.12229764193510417,1222.9764193510418
91352,46899,1,0,0,0,17,0.0,0.000362481,2.1e-05,-0.3083207937125068,3.62481,0.09747848100871681,0.21,-0.12698115833996595,0.0,-0.08694945497590129,10442.0,2669.0,7036.0,6242.0,0.22264867054734644,2226.4867054734646,-0.020836926361828188,0.0569095289878249,569.095289878249,0.15002452077869463,1500.2452077869464
91354,33957,1,0,0,0,6,0.00138,0.000176694,2.9e-05,-0.8140050712148605,1.76694,-0.7941837244171034,0.29,-0.12233670570264238,13.799999999999999,-0.08052229758987928,6521.0,1366.0,4467.0,3799.0,0.18883563988459093,1888.3563988459093,-0.10490857624009935,0.04397951917534163,439.7951917534163,0.12229764193510417,1222.9764193510418
91355,29123,4,2,2,0,14,0.01222,0.00048072,0.000137,1.4528853999512912,4.8072,0.6649522413221056,1.3699999999999999,-0.05963659509877415,122.2,-0.030036510586633928,6521.0,1366.0,4467.0,3799.0,0.18883563988459093,1888.3563988459093,-0.10490857624009935,0.04397951917534163,439.7951917534163,0.12229764193510417,1222.9764193510418
91356,30942,1,0,0,0,10,0.0,0.000323185,3.2e-05,-0.6301198793958228,3.2318499999999997,-0.09111791176587482,0.32,-0.12059503596364606,0.0,-0.08694945497590129,6627.0,1562.0,4683.0,3841.0,0.21417490789218538,2141.7490789218537,-0.04190582178861317,0.05048154611854437,504.8154611854437,0.15134768276129532,1513.4768276129532
91360,0,1,0,0,0,0,0.000245,0.00032704749999999997,6.35e-05,-1.089832858943417,3.2704750000000002,-0.07258031081178627,0.635,-0.10230750370418448,2.45,-0.08580840167186114,6521.0,1366.0,4467.0,3799.0,0.18883563988459093,1888.3563988459093,-0.10490857624009935,0.04397951917534163,439.7951917534163,0.12229764193510417,1222.9764193510418
91361,0,1,0,0,0,2,0.000245,0.00032704749999999997,6.35e-05,-0.9978902630338982,3.2704750000000002,-0.07258031081178627,0.635,-0.10230750370418448,2.45,-0.08580840167186114,6521.0,1366.0,4467.0,3799.0,0.18883563988459093,1888.3563988459093,-0.10490857624009935,0.04397951917534163,439.7951917534163,0.12229764193510417,1222.9764193510418
91367,45889,3,1,1,0,15,7e-05,0.000326876,6.5e-05,0.5492966541420126,3.26876,-0.07340340429104232,0.6499999999999999,-0.10143666883468631,0.7,-0.08662343974617553,8678.0,1653.0,6431.0,5240.0,0.1891085009479396,1891.085009479396,-0.10423014312323206,0.036021704547930876,360.21704547930875,0.14014251781472684,1401.4251781472683
91371,0,1,1,1,0,1,0.000245,0.00032704749999999997,6.35e-05,-0.0943015172246194,3.2704750000000002,-0.07258031081178627,0.635,-0.10230750370418448,2.45,-0.08580840167186114,32.0,14.0,17.0,16.0,0.18883563988459093,1888.3563988459093,-0.10490857624009935,0.04397951917534163,439.7951917534163,0.12229764193510417,1222.9764193510418
91381,22582,1,0,0,0,5,0.00465,0.000221415,4.4e-05,-0.8599763691696198,2.21415,-0.5795507011762517,0.44,-0.11362835700766068,46.49999999999999,-0.06529272900126191,6521.0,1366.0,4467.0,3799.0,0.18883563988459093,1888.3563988459093,-0.10490857624009935,0.04397951917534163,439.7951917534163,0.12229764193510417,1222.9764193510418
91384,26478,7,2,2,4,7,0.00774,0.00026437,0.000264,1.1310863142679755,2.6437,-0.3733933810512371,2.64,0.014094090518737596,77.4,-0.050901485289082185,6521.0,1366.0,4467.0,3799.0,0.18883563988459093,1888.3563988459093,-0.10490857624009935,0.04397951917534163,439.7951917534163,0.12229764193510417,1222.9764193510418
91387,46869,3,0,0,0,5,0.0051,0.00010668,6.4e-05,-0.8599763691696198,1.0668,-1.1302074378668248,0.64,-0.10201722541435175,51.00000000000001,-0.06319691681016777,6521.0,1366.0,4467.0,3799.0,0.18883563988459093,1888.3563988459093,-0.10490857624009935,0.04397951917534163,439.7951917534163,0.12229764193510417,1222.9764193510418
91390,19308,6,0,0,3,2,0.00259,0.000103584,0.000311,-0.9978902630338982,1.03584,-1.1450663149034224,3.1100000000000003,0.04138024976301359,25.9,-0.07488689147604839,6521.0,1366.0,4467.0,3799.0,0.18883563988459093,1888.3563988459093,-0.10490857624009935,0.04397951917534163,439.7951917534163,0.12229764193510417,1222.9764193510418
91401,39231,4,1,1,1,14,0.00061,0.000356861,0.000102,0.5033253561872532,3.5686099999999996,0.07050597165933754,1.02,-0.07995607538706477,6.1,-0.08410846511686257,8447.0,2213.0,5670.0,4576.0,0.2153144197190997,2153.144197190997,-0.03907257562680097,0.056409472101144505,564.094721011445,0.1445285615966965,1445.285615966965
91402,65754,2,1,1,0,15,0.0,0.000228123,3e-05,0.5492966541420126,2.28123,-0.5473564675969572,0.3,-0.12175614912297694,0.0,-0.08694945497590129,12962.0,3912.0,8136.0,7554.0,0.1971286917906135,1971.286917906135,-0.08428899430379502,0.05949447942330505,594.9447942330505,0.12373391732822338,1237.3391732822338
91403,25793,1,0,0,0,4,0.0,0.000155081,3.9e-05,-0.9059476671243792,1.55081,-0.8979127003189064,0.39,-0.11653113990598792,0.0,-0.08694945497590129,5669.0,986.0,4393.0,3568.0,0.21978831465901602,2197.8831465901603,-0.027948824764825974,0.038227426045826386,382.2742604582639,0.17031752801147598,1703.1752801147597
91406,51953,3,0,0,0,17,2e-05,0.000327219,5.8e-05,-0.3083207937125068,3.27219,-0.07175721733253022,0.58,-0.10550056489234443,0.2,-0.08685630776740821,12797.0,3705.0,8245.0,7396.0,0.2463187881354301,2463.1878813543008,0.038015705284551074,0.07131445729794238,713.1445729794237,0.15870113371701344,1587.0113371701345
91502,11652,3,1,1,1,4,9e-05,0.000343289,0.000257,0.043612376639658924,3.43289,0.0053688013942531695,2.5700000000000003,0.010030194461079464,0.9,-0.08653029253768246,6521.0,1366.0,4467.0,3799.0,0.18883563988459093,1888.3563988459093,-0.10490857624009935,0.04397951917534163,439.7951917534163,0.12229764193510417,1222.9764193510418
91504,27010,2,0,0,0,7,4e-05,0.000259163,7.4e-05,-0.7680337732601009,2.5916300000000003,-0.3983837469199589,0.74,-0.0962116596176973,0.4,-0.08676316055891514,248.0,40.0,198.0,148.0,0.009181784524250277,91.81784524250277,-0.5515942394620212,0.001480932987782303,14.809329877823028,0.007330618289522399,73.30618289522398
91505,31744,4,1,1,0,9,0.0,0.000283518,0.000126,0.27346886641345597,2.8351800000000003,-0.2814948741078362,1.26,-0.06602271747509406,0.0,-0.08694945497590129,164.0,44.0,117.0,95.0,0.00516633064516129,51.663306451612904,-0.5615781369715976,0.0013860887096774194,13.860887096774194,0.0036857358870967744,36.857358870967744
91506,18612,2,0,0,0,11,0.0,0.000591017,0.000107,-0.5841485814410633,5.91017,1.194309334508667,1.07,-0.07705329248873755,0.0,-0.08694945497590129,6521.0,1366.0,4467.0,3799.0,0.18883563988459093,1888.3563988459093,-0.10490857624009935,0.04397951917534163,439.7951917534163,0.12229764193510417,1222.9764193510418
91601,36992,3,1,1,0,14,0.0,0.00037846,8.1e-05,0.5033253561872532,3.7846,0.17416775625671146,0.81,-0.09214776356003916,0.0,-0.08694945497590129,13202.0,3485.0,8967.0,7388.0,0.3568879757785467,3568.879757785467,0.3129314359556873,0.09420955882352941,942.0955882352941,0.24240376297577854,2424.0376297577855
91604,32469,2,0,0,0,3,0.0,9.23958e-05,6.2e-05,-0.9519189650791388,0.9239580000000001,-1.1987627257757931,0.62,-0.10317833857368264,0.0,-0.08694945497590129,8144.0,1431.0,6346.0,5434.0,0.25082386276140317,2508.238627614032,0.049216980331673,0.04407280790908251,440.7280790908251,0.195447965751948,1954.47965751948
91605,49868,1,0,0,0,9,0.0,0.000180476,2e-05,-0.6760911773505822,1.80476,-0.776032473463482,0.2,-0.12756171491963142,0.0,-0.08694945497590129,11944.0,3486.0,7728.0,6803.0,0.23951231250501323,2395.1231250501323,0.021092299577067562,0.06990454800673779,699.0454800673779,0.15496911847276812,1549.6911847276813
91608,38,1,1,1,0,0,3.34211,0.0,0.026316,-0.14027281517937876,0.0,-1.6422051776162503,263.15999999999997,15.138754103962953,33421.1,15.478461393863242,116.0,33.0,78.0,63.0,3.0526315789473686,30526.315789473687,7.015543060084182,0.868421052631579,8684.21052631579,2.0526315789473686,20526.315789473687
91702,60903,5,1,1,2,13,0.00172,0.000213454,8.2e-05,0.4573540582324937,2.13454,-0.6177585565019471,0.8200000000000001,-0.0915672069803737,17.2,-0.07893879504549704,6521.0,1366.0,4467.0,3799.0,0.18883563988459093,1888.3563988459093,-0.10490857624009935,0.04397951917534163,439.7951917534163,0.12229764193510417,1222.9764193510418
91706,71082,7,4,4,1,20,0.0001,0.000281365,9.8e-05,3.6278332752079243,2.81365,-0.29182793685324787,0.98,-0.08227830170572657,1.0,-0.08648371893343593,6521.0,1366.0,4467.0,3799.0,0.18883563988459093,1888.3563988459093,-0.10490857624009935,0.04397951917534163,439.7951917534163,0.12229764193510417,1222.9764193510418
91711,37529,5,1,1,1,26,0.00037,0.000692798,0.000133,1.0549809316443663,6.92798,1.6827949170868097,1.33,-0.06195882141743592,3.6999999999999997,-0.08522623161877944,6521.0,1366.0,4467.0,3799.0,0.18883563988459093,1888.3563988459093,-0.10490857624009935,0.04397951917534163,439.7951917534163,0.12229764193510417,1222.9764193510418
91722,35099,1,0,0,0,11,0.00356,0.000313399,2.8e-05,-0.5841485814410633,3.1339900000000003,-0.1380846335617865,0.27999999999999997,-0.12291726228230783,35.6,-0.07036925186413436,6521.0,1366.0,4467.0,3799.0,0.18883563988459093,1888.3563988459093,-0.10490857624009935,0.04397951917534163,439.7951917534163,0.12229764193510417,1222.9764193510418
91723,17733,3,1,1,1,9,0.00028,0.000507528,0.000169,0.27346886641345597,5.07528,0.7936139905459771,1.69,-0.04105878454947986,2.8,-0.08564539405699828,6521.0,1366.0,4467.0,3799.0,0.18883563988459093,1888.3563988459093,-0.10490857624009935,0.04397951917534163,439.7951917534163,0.12229764193510417,1222.9764193510418
91724,28352,1,0,0,0,8,0.0043,0.000282167,3.5e-05,-0.7220624753053416,2.82167,-0.2879788349852404,0.35,-0.1188533662246497,43.0,-0.06692280514989067,6521.0,1366.0,4467.0,3799.0,0.18883563988459093,1888.3563988459093,-0.10490857624009935,0.04397951917534163,439.7951917534163,0.12229764193510417,1222.9764193510418
91731,27620,3,1,1,1,12,0.00062,0.000434468,0.000109,0.41138276027773424,4.344679999999999,0.4429713690040475,1.09,-0.07589217932940664,6.2,-0.08406189151261605,6521.0,1366.0,4467.0,3799.0,0.18883563988459093,1888.3563988459093,-0.10490857624009935,0.04397951917534163,439.7951917534163,0.12229764193510417,1222.9764193510418
91732,57431,3,0,0,0,13,3e-05,0.000226359,5.2e-05,-0.49220598553154454,2.26359,-0.5558225719550185,0.52,-0.10898390437033711,0.3,-0.08680973416316168,6521.0,1366.0,4467.0,3799.0,0.18883563988459093,1888.3563988459093,-0.10490857624009935,0.04397951917534163,439.7951917534163,0.12229764193510417,1222.9764193510418
91733,41255,1,0,0,0,10,0.01513,0.000242395,2.4e-05,-0.6301198793958228,2.42395,-0.4788597321104198,0.24000000000000002,-0.12523948860096962,151.29999999999998,-0.01648359175089187,6521.0,1366.0,4467.0,3799.0,0.18883563988459093,1888.3563988459093,-0.10490857624009935,0.04397951917534163,439.7951917534163,0.12229764193510417,1222.9764193510418
91740,26168,1,0,0,0,10,0.00015,0.000382146,3.8e-05,-0.6301198793958228,3.8214599999999996,0.1918582668371049,0.38,-0.11711169648565337,1.4999999999999998,-0.08625085091220323,6521.0,1366.0,4467.0,3799.0,0.18883563988459093,1888.3563988459093,-0.10490857624009935,0.04397951917534163,439.7951917534163,0.12229764193510417,1222.9764193510418
91741,26071,5,2,2,1,12,0.00023,0.000460282,0.000192,1.3609428040417726,4.60282,0.5668625356134559,1.9200000000000002,-0.027705983217174573,2.3000000000000003,-0.08587826207823095,6521.0,1366.0,4467.0,3799.0,0.18883563988459093,1888.3563988459093,-0.10490857624009935,0.04397951917534163,439.7951917534163,0.12229764193510417,1222.9764193510418
91744,76942,2,1,1,0,28,0.00949,0.00036391,2.6e-05,1.1469235275538852,3.6391,0.10433679343936857,0.26,-0.12407837544163872,94.9,-0.042751104545938334,6521.0,1366.0,4467.0,3799.0,0.18883563988459093,1888.3563988459093,-0.10490857624009935,0.04397951917534163,439.7951917534163,0.12229764193510417,1222.9764193510418
91745,54351,3,0,0,0,18,0.01104,0.000331181,5.5e-05,-0.2623494957577474,3.31181,-0.05274207817910675,0.55,-0.10724223463134076,110.39999999999999,-0.035532195887725215,6521.0,1366.0,4467.0,3799.0,0.18883563988459093,1888.3563988459093,-0.10490857624009935,0.04397951917534163,439.7951917534163,0.12229764193510417,1222.9764193510418
91746,28387,1,0,0,0,14,0.00891,0.000493183,3.5e-05,-0.4462346875767851,4.93183,0.7247669004006311,0.35,-0.1188533662246497,89.1,-0.045452373592237444,6521.0,1366.0,4467.0,3799.0,0.18883563988459093,1888.3563988459093,-0.10490857624009935,0.04397951917534163,439.7951917534163,0.12229764193510417,1222.9764193510418
91748,42463,1,0,0,0,16,0.02833,0.000376799,2.4e-05,-0.3542920916672663,3.7679899999999997,0.16619598792409235,0.24000000000000002,-0.12523948860096962,283.3,0.04499356585453606,6521.0,1366.0,4467.0,3799.0,0.18883563988459093,1888.3563988459093,-0.10490857624009935,0.04397951917534163,439.7951917534163,0.12229764193510417,1222.9764193510418
91750,32692,5,1,1,2,10,0.00076,0.000305885,0.000153,0.31944016436821543,3.05885,-0.17414716652463985,1.53,-0.050347689824127,7.6000000000000005,-0.08340986105316453,6521.0,1366.0,4467.0,3799.0,0.18883563988459093,1888.3563988459093,-0.10490857624009935,0.04397951917534163,439.7951917534163,0.12229764193510417,1222.9764193510418
91754,32248,7,3,3,1,10,0.00071,0.000310097,0.000217,2.218560251896292,3.1009700000000002,-0.15393218264926872,2.17,-0.013192068725538417,7.1000000000000005,-0.08364272907439721,6521.0,1366.0,4467.0,3799.0,0.18883563988459093,1888.3563988459093,-0.10490857624009935,0.04397951917534163,439.7951917534163,0.12229764193510417,1222.9764193510418
91765,44502,2,0,0,0,14,0.01297,0.000314593,4.5e-05,-0.4462346875767851,3.14593,-0.13235417516976544,0.45,-0.11304780042799523,129.70000000000002,-0.0265434902681437,6521.0,1366.0,4467.0,3799.0,0.18883563988459093,1888.3563988459093,-0.10490857624009935,0.04397951917534163,439.7951917534163,0.12229764193510417,1222.9764193510418
91766,69327,6,2,2,1,18,1e-05,0.000259639,8.7e-05,1.636770591770329,2.59639,-0.3960992425693711,0.87,-0.08866442408204647,0.1,-0.08690288137165475,6521.0,1366.0,4467.0,3799.0,0.18883563988459093,1888.3563988459093,-0.10490857624009935,0.04397951917534163,439.7951917534163,0.12229764193510417,1222.9764193510418
91767,49152,2,0,0,0,19,4e-05,0.000386556,4.1e-05,-0.21637819780298803,3.86556,0.21302352773225827,0.41000000000000003,-0.11537002674665703,0.4,-0.08676316055891514,6521.0,1366.0,4467.0,3799.0,0.18883563988459093,1888.3563988459093,-0.10490857624009935,0.04397951917534163,439.7951917534163,0.12229764193510417,1222.9764193510418
91768,34200,4,1,1,0,13,3e-05,0.000380117,0.000117,0.4573540582324937,3.8011700000000004,0.1821203270737794,1.17,-0.07124772669208308,0.3,-0.08680973416316168,6521.0,1366.0,4467.0,3799.0,0.18883563988459093,1888.3563988459093,-0.10490857624009935,0.04397951917534163,439.7951917534163,0.12229764193510417,1222.9764193510418
91770,58382,2,0,0,0,17,0.02309,0.000291186,3.4e-05,-0.3083207937125068,2.91186,-0.2446932367962635,0.34,-0.11943392280431515,230.9,0.02058899722935103,6521.0,1366.0,4467.0,3799.0,0.18883563988459093,1888.3563988459093,-0.10490857624009935,0.04397951917534163,439.7951917534163,0.12229764193510417,1222.9764193510418
91773,33598,4,1,1,1,18,0.01804,0.000535746,0.000119,0.6872105480062908,5.3574600000000006,0.9290428640016322,1.1900000000000002,-0.07008661353275218,180.4,-0.0029306729151497984,6521.0,1366.0,4467.0,3799.0,0.18883563988459093,1888.3563988459093,-0.10490857624009935,0.04397951917534163,439.7951917534163,0.12229764193510417,1222.9764193510418
91775,23672,2,0,0,0,6,0.00528,0.000253464,8.4e-05,-0.8140050712148605,2.53464,-0.42573540720147357,0.84,-0.09040609382104281,52.8,-0.06235859193373012,6521.0,1366.0,4467.0,3799.0,0.18883563988459093,1888.3563988459093,-0.10490857624009935,0.04397951917534163,439.7951917534163,0.12229764193510417,1222.9764193510418
91776,36952,2,1,1,0,13,0.00103,0.000351808,5.4e-05,0.4573540582324937,3.51808,0.046254710139335325,0.5399999999999999,-0.10782279121100623,10.3,-0.08215237373850805,6521.0,1366.0,4467.0,3799.0,0.18883563988459093,1888.3563988459093,-0.10490857624009935,0.04397951917534163,439.7951917534163,0.12229764193510417,1222.9764193510418
91780,35588,2,1,1,0,12,0.01217,0.000337192,5.6e-05,0.41138276027773424,3.37192,-0.023893011684601752,0.5599999999999999,-0.10666167805167533,121.7,-0.030269378607866607,6521.0,1366.0,4467.0,3799.0,0.18883563988459093,1888.3563988459093,-0.10490857624009935,0.04397951917534163,439.7951917534163,0.12229764193510417,1222.9764193510418
91789,40298,4,1,1,0,17,0.00675,0.000421857,9.9e-05,0.6412392500515314,4.21857,0.38244640185012924,0.99,-0.08169774512606112,67.5,-0.05551227210948929,6521.0,1366.0,4467.0,3799.0,0.18883563988459093,1888.3563988459093,-0.10490857624009935,0.04397951917534163,439.7951917534163,0.12229764193510417,1222.9764193510418
91790,44710,4,1,1,1,14,0.0,0.000313129,8.9e-05,0.5033253561872532,3.13129,-0.1393804658614899,0.8899999999999999,-0.08750331092271559,0.0,-0.08694945497590129,6521.0,1366.0,4467.0,3799.0,0.18883563988459093,1888.3563988459093,-0.10490857624009935,0.04397951917534163,439.7951917534163,0.12229764193510417,1222.9764193510418
91791,33028,2,0,0,0,14,3e-05,0.000423883,6.1e-05,-0.4462346875767851,4.23883,0.3921699434767916,0.61,-0.1037588951533481,0.3,-0.08680973416316168,6521.0,1366.0,4467.0,3799.0,0.18883563988459093,1888.3563988459093,-0.10490857624009935,0.04397951917534163,439.7951917534163,0.12229764193510417,1222.9764193510418
91792,30629,1,0,0,0,4,0.0002,0.000130595,3.3e-05,-0.9059476671243792,1.3059500000000002,-1.0154302917653295,0.33,-0.12001447938398059,2.0,-0.08601798289097057,6521.0,1366.0,4467.0,3799.0,0.18883563988459093,1888.3563988459093,-0.10490857624009935,0.04397951917534163,439.7951917534163,0.12229764193510417,1222.9764193510418
91801,53381,5,1,1,1,13,0.0,0.000243532,9.4e-05,0.4573540582324937,2.43532,-0.4734028383150028,0.94,-0.08460052802438836,0.0,-0.08694945497590129,4.0,1.0,3.0,3.0,7.493302860568367e-05,0.7493302860568367,-0.5742372269561464,1.8733257151420917e-05,0.18733257151420918,5.619977145426275e-05,0.5619977145426275
91803,27715,1,0,0,0,10,0.0,0.000360815,3.6e-05,-0.6301198793958228,3.60815,0.08948271578165888,0.36,-0.11827280964498425,0.0,-0.08694945497590129,6521.0,1366.0,4467.0,3799.0,0.18883563988459093,1888.3563988459093,-0.10490857624009935,0.04397951917534163,439.7951917534163,0.12229764193510417,1222.9764193510418
93243,0,1,0,0,0,1,0.000245,0.00032704749999999997,6.35e-05,-1.0438615609886577,3.2704750000000002,-0.07258031081178627,0.635,-0.10230750370418448,2.45,-0.08580840167186114,6521.0,1366.0,4467.0,3799.0,0.18883563988459093,1888.3563988459093,-0.10490857624009935,0.04397951917534163,439.7951917534163,0.12229764193510417,1222.9764193510418
93510,7786,2,0,0,1,5,0.00706,0.000642178,0.000257,-0.8599763691696198,6.42178,1.4398503577868855,2.5700000000000003,0.010030194461079464,70.60000000000001,-0.054068490377846654,6521.0,1366.0,4467.0,3799.0,0.18883563988459093,1888.3563988459093,-0.10490857624009935,0.04397951917534163,439.7951917534163,0.12229764193510417,1222.9764193510418
93532,2930,4,0,0,2,1,0.0058,0.000341297,0.001365,-1.0438615609886577,3.41297,-0.004191561350224179,13.649999999999999,0.6532868847303943,57.99999999999999,-0.05993676451291023,6521.0,1366.0,4467.0,3799.0,0.18883563988459093,1888.3563988459093,-0.10490857624009935,0.04397951917534163,439.7951917534163,0.12229764193510417,1222.9764193510418
93534,41430,4,2,2,0,22,0.01839,0.000531016,9.7e-05,1.8206557835893669,5.310160000000001,0.9063418018623861,0.97,-0.08285885828539201,183.9,-0.0013005967665210298,6521.0,1366.0,4467.0,3799.0,0.18883563988459093,1888.3563988459093,-0.10490857624009935,0.04397951917534163,439.7951917534163,0.12229764193510417,1222.9764193510418
93535,79409,2,0,0,0,28,0.00967,0.000352605,2.5e-05,0.19736348378984694,3.5260499999999997,0.050079815112903735,0.25,-0.12465893202130417,96.7,-0.04191277966950069,6521.0,1366.0,4467.0,3799.0,0.18883563988459093,1888.3563988459093,-0.10490857624009935,0.04397951917534163,439.7951917534163,0.12229764193510417,1222.9764193510418
93536,73412,8,0,0,3,19,0.00595,0.000258813,0.000109,-0.21637819780298803,2.58813,-0.4000635295306855,1.09,-0.07589217932940664,59.50000000000001,-0.059238160449212186,6521.0,1366.0,4467.0,3799.0,0.18883563988459093,1888.3563988459093,-0.10490857624009935,0.04397951917534163,439.7951917534163,0.12229764193510417,1222.9764193510418
93543,12275,1,0,0,0,4,0.0123,0.000325866,8.1e-05,-0.9059476671243792,3.2586600000000003,-0.07825077696770995,0.81,-0.09214776356003916,123.0,-0.029663921752661637,6521.0,1366.0,4467.0,3799.0,0.18883563988459093,1888.3563988459093,-0.10490857624009935,0.04397951917534163,439.7951917534163,0.12229764193510417,1222.9764193510418
93544,1027,1,0,0,0,0,0.03116,0.0,0.000974,-1.089832858943417,0.0,-1.6422051776162503,9.74,0.4262892620812047,311.6,0.05817389585630583,6521.0,1366.0,4467.0,3799.0,0.18883563988459093,1888.3563988459093,-0.10490857624009935,0.04397951917534163,439.7951917534163,0.12229764193510417,1222.9764193510418
93550,80645,6,1,1,1,23,0.01592,0.000285201,7.4e-05,0.9170670377800878,2.85201,-0.27341751943968584,0.74,-0.0962116596176973,159.2,-0.012804277015415496,6521.0,1366.0,4467.0,3799.0,0.18883563988459093,1888.3563988459093,-0.10490857624009935,0.04397951917534163,439.7951917534163,0.12229764193510417,1222.9764193510418
93551,54360,2,0,0,0,15,0.01748,0.000275938,3.7e-05,-0.40026338962202573,2.7593799999999997,-0.3178741660772837,0.37,-0.1176922530653188,174.79999999999998,-0.005538794752955838,6521.0,1366.0,4467.0,3799.0,0.18883563988459093,1888.3563988459093,-0.10490857624009935,0.04397951917534163,439.7951917534163,0.12229764193510417,1222.9764193510418
93553,1319,1,0,0,0,1,0.01592,0.00075815,0.000758,-1.0438615609886577,7.5815,1.9964439261616544,7.58,0.30088904087346824,159.2,-0.012804277015415496,6521.0,1366.0,4467.0,3799.0,0.18883563988459093,1888.3563988459093,-0.10490857624009935,0.04397951917534163,439.7951917534163,0.12229764193510417,1222.9764193510418
93563,195,1,0,0,1,0,0.03077,0.0,0.005128,-1.089832858943417,0.0,-1.6422051776162503,51.279999999999994,2.8379212940114704,307.7,0.0563575252906909,6521.0,1366.0,4467.0,3799.0,0.18883563988459093,1888.3563988459093,-0.10490857624009935,0.04397951917534163,439.7951917534163,0.12229764193510417,1222.9764193510418
93591,7051,1,0,0,0,3,0.00567,0.000425472,0.000142,-0.9519189650791388,4.25472,0.39979615652948963,1.4200000000000002,-0.056733812200446904,56.699999999999996,-0.060542221368115205,6521.0,1366.0,4467.0,3799.0,0.18883563988459093,1888.3563988459093,-0.10490857624009935,0.04397951917534163,439.7951917534163,0.12229764193510417,1222.9764193510418
